catalogCode,educationLevel,categoryCode,categoryName,classCode,className,majorCode,majorName,parentCode,itemLevel,source
MOE_VOCATIONAL_2021,VOCATIONAL_SECONDARY,61,农林牧渔大类,,,61,农林牧渔大类,,CATEGORY,中华人民共和国教育部
MOE_VOCATIONAL_2021,VOCATIONAL_SECONDARY,61,农林牧渔大类,6101,农业类,6101,农业类,61,CLASS,中华人民共和国教育部
MOE_VOCATIONAL_2021,VOCATIONAL_SECONDARY,61,农林牧渔大类,6101,农业类,610101,种子生产技术,6101,MAJOR,中华人民共和国教育部
MOE_VOCATIONAL_2021,VOCATIONAL_SECONDARY,61,农林牧渔大类,6101,农业类,610102,作物生产技术,6101,MAJOR,中华人民共和国教育部
MOE_VOCATIONAL_2021,VOCATIONAL_SECONDARY,61,农林牧渔大类,6101,农业类,610103,循环农业与再生资源利用,6101,MAJOR,中华人民共和国教育部
MOE_VOCATIONAL_2021,VOCATIONAL_SECONDARY,61,农林牧渔大类,6101,农业类,610104,家庭农场生产经营,6101,MAJOR,中华人民共和国教育部
MOE_VOCATIONAL_2021,VOCATIONAL_SECONDARY,61,农林牧渔大类,6101,农业类,610105,园艺技术,6101,MAJOR,中华人民共和国教育部
MOE_VOCATIONAL_2021,VOCATIONAL_SECONDARY,61,农林牧渔大类,6101,农业类,610106,植物保护,6101,MAJOR,中华人民共和国教育部
MOE_VOCATIONAL_2021,VOCATIONAL_SECONDARY,61,农林牧渔大类,6101,农业类,610107,茶叶生产与加工,6101,MAJOR,中华人民共和国教育部
MOE_VOCATIONAL_2021,VOCATIONAL_SECONDARY,61,农林牧渔大类,6101,农业类,610108,中草药栽培,6101,MAJOR,中华人民共和国教育部
MOE_VOCATIONAL_2021,VOCATIONAL_SECONDARY,61,农林牧渔大类,6101,农业类,610109,烟草栽培与加工,6101,MAJOR,中华人民共和国教育部
MOE_VOCATIONAL_2021,VOCATIONAL_SECONDARY,61,农林牧渔大类,6101,农业类,610110,饲草栽培与加工,6101,MAJOR,中华人民共和国教育部
MOE_VOCATIONAL_2021,VOCATIONAL_SECONDARY,61,农林牧渔大类,6101,农业类,610111,农村电气技术,6101,MAJOR,中华人民共和国教育部
MOE_VOCATIONAL_2021,VOCATIONAL_SECONDARY,61,农林牧渔大类,6101,农业类,610112,设施农业生产技术,6101,MAJOR,中华人民共和国教育部
MOE_VOCATIONAL_2021,VOCATIONAL_SECONDARY,61,农林牧渔大类,6101,农业类,610113,农机设备应用与维修,6101,MAJOR,中华人民共和国教育部
MOE_VOCATIONAL_2021,VOCATIONAL_SECONDARY,61,农林牧渔大类,6101,农业类,610114,农产品加工与质量检测,6101,MAJOR,中华人民共和国教育部
MOE_VOCATIONAL_2021,VOCATIONAL_SECONDARY,61,农林牧渔大类,6101,农业类,610115,农产品贮藏与加工,6101,MAJOR,中华人民共和国教育部
MOE_VOCATIONAL_2021,VOCATIONAL_SECONDARY,61,农林牧渔大类,6101,农业类,610116,农产品营销与储运,6101,MAJOR,中华人民共和国教育部
MOE_VOCATIONAL_2021,VOCATIONAL_SECONDARY,61,农林牧渔大类,6101,农业类,610117,棉花加工与检验,6101,MAJOR,中华人民共和国教育部
MOE_VOCATIONAL_2021,VOCATIONAL_SECONDARY,61,农林牧渔大类,6101,农业类,610118,休闲农业生产与经营,6101,MAJOR,中华人民共和国教育部
MOE_VOCATIONAL_2021,VOCATIONAL_SECONDARY,61,农林牧渔大类,6101,农业类,610119,农资营销与服务,6101,MAJOR,中华人民共和国教育部
MOE_VOCATIONAL_2021,VOCATIONAL_SECONDARY,61,农林牧渔大类,6102,林业类,6102,林业类,61,CLASS,中华人民共和国教育部
MOE_VOCATIONAL_2021,VOCATIONAL_SECONDARY,61,农林牧渔大类,6102,林业类,610201,林业生产技术,6102,MAJOR,中华人民共和国教育部
MOE_VOCATIONAL_2021,VOCATIONAL_SECONDARY,61,农林牧渔大类,6102,林业类,610202,园林技术,6102,MAJOR,中华人民共和国教育部
MOE_VOCATIONAL_2021,VOCATIONAL_SECONDARY,61,农林牧渔大类,6102,林业类,610203,园林绿化,6102,MAJOR,中华人民共和国教育部
MOE_VOCATIONAL_2021,VOCATIONAL_SECONDARY,61,农林牧渔大类,6102,林业类,610204,森林资源保护与管理,6102,MAJOR,中华人民共和国教育部
MOE_VOCATIONAL_2021,VOCATIONAL_SECONDARY,61,农林牧渔大类,6102,林业类,610205,木业产品加工技术,6102,MAJOR,中华人民共和国教育部
MOE_VOCATIONAL_2021,VOCATIONAL_SECONDARY,61,农林牧渔大类,6103,畜牧业类,6103,畜牧业类,61,CLASS,中华人民共和国教育部
MOE_VOCATIONAL_2021,VOCATIONAL_SECONDARY,61,农林牧渔大类,6103,畜牧业类,610301,畜禽生产技术,6103,MAJOR,中华人民共和国教育部
MOE_VOCATIONAL_2021,VOCATIONAL_SECONDARY,61,农林牧渔大类,6103,畜牧业类,610302,特种动物养殖,6103,MAJOR,中华人民共和国教育部
MOE_VOCATIONAL_2021,VOCATIONAL_SECONDARY,61,农林牧渔大类,6103,畜牧业类,610303,宠物养护与经营,6103,MAJOR,中华人民共和国教育部
MOE_VOCATIONAL_2021,VOCATIONAL_SECONDARY,61,农林牧渔大类,6103,畜牧业类,610304,蚕桑生产与经营,6103,MAJOR,中华人民共和国教育部
MOE_VOCATIONAL_2021,VOCATIONAL_SECONDARY,61,农林牧渔大类,6104,渔业类,6104,渔业类,61,CLASS,中华人民共和国教育部
MOE_VOCATIONAL_2021,VOCATIONAL_SECONDARY,61,农林牧渔大类,6104,渔业类,610401,淡水养殖,6104,MAJOR,中华人民共和国教育部
MOE_VOCATIONAL_2021,VOCATIONAL_SECONDARY,61,农林牧渔大类,6104,渔业类,610402,海水养殖,6104,MAJOR,中华人民共和国教育部
MOE_VOCATIONAL_2021,VOCATIONAL_SECONDARY,61,农林牧渔大类,6104,渔业类,610403,航海捕捞,6104,MAJOR,中华人民共和国教育部
MOE_VOCATIONAL_2021,VOCATIONAL_SECONDARY,62,资源环境与安全大类,,,62,资源环境与安全大类,,CATEGORY,中华人民共和国教育部
MOE_VOCATIONAL_2021,VOCATIONAL_SECONDARY,62,资源环境与安全大类,6201,资源勘查类,6201,资源勘查类,62,CLASS,中华人民共和国教育部
MOE_VOCATIONAL_2021,VOCATIONAL_SECONDARY,62,资源环境与安全大类,6201,资源勘查类,620101,国土资源调查,6201,MAJOR,中华人民共和国教育部
MOE_VOCATIONAL_2021,VOCATIONAL_SECONDARY,62,资源环境与安全大类,6201,资源勘查类,620102,地质调查与找矿,6201,MAJOR,中华人民共和国教育部
MOE_VOCATIONAL_2021,VOCATIONAL_SECONDARY,62,资源环境与安全大类,6201,资源勘查类,620103,宝玉石加工与检测,6201,MAJOR,中华人民共和国教育部
MOE_VOCATIONAL_2021,VOCATIONAL_SECONDARY,62,资源环境与安全大类,6202,地质类,6202,地质类,62,CLASS,中华人民共和国教育部
MOE_VOCATIONAL_2021,VOCATIONAL_SECONDARY,62,资源环境与安全大类,6202,地质类,620201,水文地质与工程地质勘查,6202,MAJOR,中华人民共和国教育部
MOE_VOCATIONAL_2021,VOCATIONAL_SECONDARY,62,资源环境与安全大类,6202,地质类,620202,钻探技术,6202,MAJOR,中华人民共和国教育部
MOE_VOCATIONAL_2021,VOCATIONAL_SECONDARY,62,资源环境与安全大类,6202,地质类,620203,掘进技术,6202,MAJOR,中华人民共和国教育部
MOE_VOCATIONAL_2021,VOCATIONAL_SECONDARY,62,资源环境与安全大类,6202,地质类,620204,岩土工程勘察与施工,6202,MAJOR,中华人民共和国教育部
MOE_VOCATIONAL_2021,VOCATIONAL_SECONDARY,62,资源环境与安全大类,6202,地质类,620205,地球物理勘探技术,6202,MAJOR,中华人民共和国教育部
MOE_VOCATIONAL_2021,VOCATIONAL_SECONDARY,62,资源环境与安全大类,6202,地质类,620206,地质灾害调查与治理施工,6202,MAJOR,中华人民共和国教育部
MOE_VOCATIONAL_2021,VOCATIONAL_SECONDARY,62,资源环境与安全大类,6203,测绘地理信息类,6203,测绘地理信息类,62,CLASS,中华人民共和国教育部
MOE_VOCATIONAL_2021,VOCATIONAL_SECONDARY,62,资源环境与安全大类,6203,测绘地理信息类,620301,工程测量技术,6203,MAJOR,中华人民共和国教育部
MOE_VOCATIONAL_2021,VOCATIONAL_SECONDARY,62,资源环境与安全大类,6203,测绘地理信息类,620302,地图绘制与地理信息系统,6203,MAJOR,中华人民共和国教育部
MOE_VOCATIONAL_2021,VOCATIONAL_SECONDARY,62,资源环境与安全大类,6203,测绘地理信息类,620303,地质与测量,6203,MAJOR,中华人民共和国教育部
MOE_VOCATIONAL_2021,VOCATIONAL_SECONDARY,62,资源环境与安全大类,6203,测绘地理信息类,620304,航空摄影测量,6203,MAJOR,中华人民共和国教育部
MOE_VOCATIONAL_2021,VOCATIONAL_SECONDARY,62,资源环境与安全大类,6204,石油与天然气类,6204,石油与天然气类,62,CLASS,中华人民共和国教育部
MOE_VOCATIONAL_2021,VOCATIONAL_SECONDARY,62,资源环境与安全大类,6204,石油与天然气类,620401,油气储运,6204,MAJOR,中华人民共和国教育部
MOE_VOCATIONAL_2021,VOCATIONAL_SECONDARY,62,资源环境与安全大类,6204,石油与天然气类,620402,石油地质录井与测井,6204,MAJOR,中华人民共和国教育部
MOE_VOCATIONAL_2021,VOCATIONAL_SECONDARY,62,资源环境与安全大类,6204,石油与天然气类,620403,石油钻井,6204,MAJOR,中华人民共和国教育部
MOE_VOCATIONAL_2021,VOCATIONAL_SECONDARY,62,资源环境与安全大类,6204,石油与天然气类,620404,油气开采,6204,MAJOR,中华人民共和国教育部
MOE_VOCATIONAL_2021,VOCATIONAL_SECONDARY,62,资源环境与安全大类,6205,煤炭类,6205,煤炭类,62,CLASS,中华人民共和国教育部
MOE_VOCATIONAL_2021,VOCATIONAL_SECONDARY,62,资源环境与安全大类,6205,煤炭类,620501,采矿技术,6205,MAJOR,中华人民共和国教育部
MOE_VOCATIONAL_2021,VOCATIONAL_SECONDARY,62,资源环境与安全大类,6205,煤炭类,620502,矿井建设技术,6205,MAJOR,中华人民共和国教育部
MOE_VOCATIONAL_2021,VOCATIONAL_SECONDARY,62,资源环境与安全大类,6205,煤炭类,620503,矿井通风与安全,6205,MAJOR,中华人民共和国教育部
MOE_VOCATIONAL_2021,VOCATIONAL_SECONDARY,62,资源环境与安全大类,6205,煤炭类,620504,矿山机电,6205,MAJOR,中华人民共和国教育部
MOE_VOCATIONAL_2021,VOCATIONAL_SECONDARY,62,资源环境与安全大类,6205,煤炭类,620505,煤炭综合利用技术,6205,MAJOR,中华人民共和国教育部
MOE_VOCATIONAL_2021,VOCATIONAL_SECONDARY,62,资源环境与安全大类,6206,金属与非金属矿类,6206,金属与非金属矿类,62,CLASS,中华人民共和国教育部
MOE_VOCATIONAL_2021,VOCATIONAL_SECONDARY,62,资源环境与安全大类,6206,金属与非金属矿类,620601,选矿技术,6206,MAJOR,中华人民共和国教育部
MOE_VOCATIONAL_2021,VOCATIONAL_SECONDARY,62,资源环境与安全大类,6207,气象类,6207,气象类,62,CLASS,中华人民共和国教育部
MOE_VOCATIONAL_2021,VOCATIONAL_SECONDARY,62,资源环境与安全大类,6207,气象类,620701,气象服务,6207,MAJOR,中华人民共和国教育部
MOE_VOCATIONAL_2021,VOCATIONAL_SECONDARY,62,资源环境与安全大类,6208,环境保护类,6208,环境保护类,62,CLASS,中华人民共和国教育部
MOE_VOCATIONAL_2021,VOCATIONAL_SECONDARY,62,资源环境与安全大类,6208,环境保护类,620801,环境监测技术,6208,MAJOR,中华人民共和国教育部
MOE_VOCATIONAL_2021,VOCATIONAL_SECONDARY,62,资源环境与安全大类,6208,环境保护类,620802,环境治理技术,6208,MAJOR,中华人民共和国教育部
MOE_VOCATIONAL_2021,VOCATIONAL_SECONDARY,62,资源环境与安全大类,6208,环境保护类,620803,生态环境保护,6208,MAJOR,中华人民共和国教育部
MOE_VOCATIONAL_2021,VOCATIONAL_SECONDARY,62,资源环境与安全大类,6209,安全类,6209,安全类,62,CLASS,中华人民共和国教育部
MOE_VOCATIONAL_2021,VOCATIONAL_SECONDARY,62,资源环境与安全大类,6209,安全类,620901,安全技术与管理,6209,MAJOR,中华人民共和国教育部
MOE_VOCATIONAL_2021,VOCATIONAL_SECONDARY,62,资源环境与安全大类,6209,安全类,620902,应急救援技术,6209,MAJOR,中华人民共和国教育部
MOE_VOCATIONAL_2021,VOCATIONAL_SECONDARY,62,资源环境与安全大类,6209,安全类,620903,防灾减灾技术,6209,MAJOR,中华人民共和国教育部
MOE_VOCATIONAL_2021,VOCATIONAL_SECONDARY,62,资源环境与安全大类,6209,安全类,620904,森林消防,6209,MAJOR,中华人民共和国教育部
MOE_VOCATIONAL_2021,VOCATIONAL_SECONDARY,63,能源动力与材料大类,,,63,能源动力与材料大类,,CATEGORY,中华人民共和国教育部
MOE_VOCATIONAL_2021,VOCATIONAL_SECONDARY,63,能源动力与材料大类,6301,电力技术类,6301,电力技术类,63,CLASS,中华人民共和国教育部
MOE_VOCATIONAL_2021,VOCATIONAL_SECONDARY,63,能源动力与材料大类,6301,电力技术类,630101,发电厂及变电站运行与维护,6301,MAJOR,中华人民共和国教育部
MOE_VOCATIONAL_2021,VOCATIONAL_SECONDARY,63,能源动力与材料大类,6301,电力技术类,630102,水电厂机电设备安装与运行,6301,MAJOR,中华人民共和国教育部
MOE_VOCATIONAL_2021,VOCATIONAL_SECONDARY,63,能源动力与材料大类,6301,电力技术类,630103,电力系统自动化装置调试与维护,6301,MAJOR,中华人民共和国教育部
MOE_VOCATIONAL_2021,VOCATIONAL_SECONDARY,63,能源动力与材料大类,6301,电力技术类,630104,输配电线路施工与运行,6301,MAJOR,中华人民共和国教育部
MOE_VOCATIONAL_2021,VOCATIONAL_SECONDARY,63,能源动力与材料大类,6301,电力技术类,630105,供用电技术,6301,MAJOR,中华人民共和国教育部
MOE_VOCATIONAL_2021,VOCATIONAL_SECONDARY,63,能源动力与材料大类,6302,热能与发电工程类,6302,热能与发电工程类,63,CLASS,中华人民共和国教育部
MOE_VOCATIONAL_2021,VOCATIONAL_SECONDARY,63,能源动力与材料大类,6302,热能与发电工程类,630201,火电厂热力设备安装,6302,MAJOR,中华人民共和国教育部
MOE_VOCATIONAL_2021,VOCATIONAL_SECONDARY,63,能源动力与材料大类,6302,热能与发电工程类,630202,火电厂热工仪表安装与检修,6302,MAJOR,中华人民共和国教育部
MOE_VOCATIONAL_2021,VOCATIONAL_SECONDARY,63,能源动力与材料大类,6302,热能与发电工程类,630203,火电厂热力设备运行与检修,6302,MAJOR,中华人民共和国教育部
MOE_VOCATIONAL_2021,VOCATIONAL_SECONDARY,63,能源动力与材料大类,6302,热能与发电工程类,630204,火电厂集控运行,6302,MAJOR,中华人民共和国教育部
MOE_VOCATIONAL_2021,VOCATIONAL_SECONDARY,63,能源动力与材料大类,6302,热能与发电工程类,630205,火电厂水处理及化学监督,6302,MAJOR,中华人民共和国教育部
MOE_VOCATIONAL_2021,VOCATIONAL_SECONDARY,63,能源动力与材料大类,6303,新能源发电工程类,6303,新能源发电工程类,63,CLASS,中华人民共和国教育部
MOE_VOCATIONAL_2021,VOCATIONAL_SECONDARY,63,能源动力与材料大类,6303,新能源发电工程类,630301,光伏工程技术与应用,6303,MAJOR,中华人民共和国教育部
MOE_VOCATIONAL_2021,VOCATIONAL_SECONDARY,63,能源动力与材料大类,6303,新能源发电工程类,630302,风力发电设备运行与维护,6303,MAJOR,中华人民共和国教育部
MOE_VOCATIONAL_2021,VOCATIONAL_SECONDARY,63,能源动力与材料大类,6303,新能源发电工程类,630303,太阳能与沼气技术利用,6303,MAJOR,中华人民共和国教育部
MOE_VOCATIONAL_2021,VOCATIONAL_SECONDARY,63,能源动力与材料大类,6304,黑色金属材料类,6304,黑色金属材料类,63,CLASS,中华人民共和国教育部
MOE_VOCATIONAL_2021,VOCATIONAL_SECONDARY,63,能源动力与材料大类,6304,黑色金属材料类,630401,钢铁冶炼技术,6304,MAJOR,中华人民共和国教育部
MOE_VOCATIONAL_2021,VOCATIONAL_SECONDARY,63,能源动力与材料大类,6304,黑色金属材料类,630402,钢铁装备运行与维护,6304,MAJOR,中华人民共和国教育部
MOE_VOCATIONAL_2021,VOCATIONAL_SECONDARY,63,能源动力与材料大类,6305,有色金属材料类,6305,有色金属材料类,63,CLASS,中华人民共和国教育部
MOE_VOCATIONAL_2021,VOCATIONAL_SECONDARY,63,能源动力与材料大类,6305,有色金属材料类,630501,有色金属冶炼技术,6305,MAJOR,中华人民共和国教育部
MOE_VOCATIONAL_2021,VOCATIONAL_SECONDARY,63,能源动力与材料大类,6305,有色金属材料类,630502,金属压力加工,6305,MAJOR,中华人民共和国教育部
MOE_VOCATIONAL_2021,VOCATIONAL_SECONDARY,63,能源动力与材料大类,6307,建筑材料类,6307,建筑材料类,63,CLASS,中华人民共和国教育部
MOE_VOCATIONAL_2021,VOCATIONAL_SECONDARY,63,能源动力与材料大类,6307,建筑材料类,630701,建筑材料智能生产技术,6307,MAJOR,中华人民共和国教育部
MOE_VOCATIONAL_2021,VOCATIONAL_SECONDARY,63,能源动力与材料大类,6307,建筑材料类,630702,新型建筑材料生产技术,6307,MAJOR,中华人民共和国教育部
MOE_VOCATIONAL_2021,VOCATIONAL_SECONDARY,63,能源动力与材料大类,6307,建筑材料类,630703,建筑材料检测技术,6307,MAJOR,中华人民共和国教育部
MOE_VOCATIONAL_2021,VOCATIONAL_SECONDARY,63,能源动力与材料大类,6307,建筑材料类,630704,装配式建筑构件制作技术,6307,MAJOR,中华人民共和国教育部
MOE_VOCATIONAL_2021,VOCATIONAL_SECONDARY,64,土木建筑大类,,,64,土木建筑大类,,CATEGORY,中华人民共和国教育部
MOE_VOCATIONAL_2021,VOCATIONAL_SECONDARY,64,土木建筑大类,6401,建筑设计类,6401,建筑设计类,64,CLASS,中华人民共和国教育部
MOE_VOCATIONAL_2021,VOCATIONAL_SECONDARY,64,土木建筑大类,6401,建筑设计类,640101,建筑表现,6401,MAJOR,中华人民共和国教育部
MOE_VOCATIONAL_2021,VOCATIONAL_SECONDARY,64,土木建筑大类,6401,建筑设计类,640102,建筑装饰技术,6401,MAJOR,中华人民共和国教育部
MOE_VOCATIONAL_2021,VOCATIONAL_SECONDARY,64,土木建筑大类,6401,建筑设计类,640103,古建筑修缮,6401,MAJOR,中华人民共和国教育部
MOE_VOCATIONAL_2021,VOCATIONAL_SECONDARY,64,土木建筑大类,6401,建筑设计类,640104,园林景观施工与维护,6401,MAJOR,中华人民共和国教育部
MOE_VOCATIONAL_2021,VOCATIONAL_SECONDARY,64,土木建筑大类,6402,城乡规划与管理类,6402,城乡规划与管理类,64,CLASS,中华人民共和国教育部
MOE_VOCATIONAL_2021,VOCATIONAL_SECONDARY,64,土木建筑大类,6402,城乡规划与管理类,640201,城镇建设,6402,MAJOR,中华人民共和国教育部
MOE_VOCATIONAL_2021,VOCATIONAL_SECONDARY,64,土木建筑大类,6403,土建施工类,6403,土建施工类,64,CLASS,中华人民共和国教育部
MOE_VOCATIONAL_2021,VOCATIONAL_SECONDARY,64,土木建筑大类,6403,土建施工类,640301,建筑工程施工,6403,MAJOR,中华人民共和国教育部
MOE_VOCATIONAL_2021,VOCATIONAL_SECONDARY,64,土木建筑大类,6403,土建施工类,640302,装配式建筑施工,6403,MAJOR,中华人民共和国教育部
MOE_VOCATIONAL_2021,VOCATIONAL_SECONDARY,64,土木建筑大类,6403,土建施工类,640303,建筑工程检测,6403,MAJOR,中华人民共和国教育部
MOE_VOCATIONAL_2021,VOCATIONAL_SECONDARY,64,土木建筑大类,6404,建筑设备类,6404,建筑设备类,64,CLASS,中华人民共和国教育部
MOE_VOCATIONAL_2021,VOCATIONAL_SECONDARY,64,土木建筑大类,6404,建筑设备类,640401,建筑智能化设备安装与运维,6404,MAJOR,中华人民共和国教育部
MOE_VOCATIONAL_2021,VOCATIONAL_SECONDARY,64,土木建筑大类,6404,建筑设备类,640402,建筑水电设备安装与运维,6404,MAJOR,中华人民共和国教育部
MOE_VOCATIONAL_2021,VOCATIONAL_SECONDARY,64,土木建筑大类,6404,建筑设备类,640403,供热通风与空调施工运行,6404,MAJOR,中华人民共和国教育部
MOE_VOCATIONAL_2021,VOCATIONAL_SECONDARY,64,土木建筑大类,6405,建设工程管理类,6405,建设工程管理类,64,CLASS,中华人民共和国教育部
MOE_VOCATIONAL_2021,VOCATIONAL_SECONDARY,64,土木建筑大类,6405,建设工程管理类,640501,建筑工程造价,6405,MAJOR,中华人民共和国教育部
MOE_VOCATIONAL_2021,VOCATIONAL_SECONDARY,64,土木建筑大类,6405,建设工程管理类,640502,建设项目材料管理,6405,MAJOR,中华人民共和国教育部
MOE_VOCATIONAL_2021,VOCATIONAL_SECONDARY,64,土木建筑大类,6406,市政工程类,6406,市政工程类,64,CLASS,中华人民共和国教育部
MOE_VOCATIONAL_2021,VOCATIONAL_SECONDARY,64,土木建筑大类,6406,市政工程类,640601,市政工程施工,6406,MAJOR,中华人民共和国教育部
MOE_VOCATIONAL_2021,VOCATIONAL_SECONDARY,64,土木建筑大类,6406,市政工程类,640602,给排水工程施工与运行,6406,MAJOR,中华人民共和国教育部
MOE_VOCATIONAL_2021,VOCATIONAL_SECONDARY,64,土木建筑大类,6406,市政工程类,640603,城市燃气智能输配与应用,6406,MAJOR,中华人民共和国教育部
MOE_VOCATIONAL_2021,VOCATIONAL_SECONDARY,64,土木建筑大类,6407,房地产类,6407,房地产类,64,CLASS,中华人民共和国教育部
MOE_VOCATIONAL_2021,VOCATIONAL_SECONDARY,64,土木建筑大类,6407,房地产类,640701,房地产营销,6407,MAJOR,中华人民共和国教育部
MOE_VOCATIONAL_2021,VOCATIONAL_SECONDARY,64,土木建筑大类,6407,房地产类,640702,物业服务,6407,MAJOR,中华人民共和国教育部
MOE_VOCATIONAL_2021,VOCATIONAL_SECONDARY,65,水利大类,,,65,水利大类,,CATEGORY,中华人民共和国教育部
MOE_VOCATIONAL_2021,VOCATIONAL_SECONDARY,65,水利大类,6501,水文水资源类,6501,水文水资源类,65,CLASS,中华人民共和国教育部
MOE_VOCATIONAL_2021,VOCATIONAL_SECONDARY,65,水利大类,6501,水文水资源类,650101,水文与水资源勘测,6501,MAJOR,中华人民共和国教育部
MOE_VOCATIONAL_2021,VOCATIONAL_SECONDARY,65,水利大类,6502,水利工程与管理类,6502,水利工程与管理类,65,CLASS,中华人民共和国教育部
MOE_VOCATIONAL_2021,VOCATIONAL_SECONDARY,65,水利大类,6502,水利工程与管理类,650201,水利工程运行与管理,6502,MAJOR,中华人民共和国教育部
MOE_VOCATIONAL_2021,VOCATIONAL_SECONDARY,65,水利大类,6502,水利工程与管理类,650202,水利水电工程施工,6502,MAJOR,中华人民共和国教育部
MOE_VOCATIONAL_2021,VOCATIONAL_SECONDARY,65,水利大类,6502,水利工程与管理类,650203,机电排灌工程技术,6502,MAJOR,中华人民共和国教育部
MOE_VOCATIONAL_2021,VOCATIONAL_SECONDARY,65,水利大类,6502,水利工程与管理类,650204,现代灌溉技术,6502,MAJOR,中华人民共和国教育部
MOE_VOCATIONAL_2021,VOCATIONAL_SECONDARY,65,水利大类,6502,水利工程与管理类,650205,农村饮水供水工程技术,6502,MAJOR,中华人民共和国教育部
MOE_VOCATIONAL_2021,VOCATIONAL_SECONDARY,65,水利大类,6503,水利水电设备类,6503,水利水电设备类,65,CLASS,中华人民共和国教育部
MOE_VOCATIONAL_2021,VOCATIONAL_SECONDARY,65,水利大类,6503,水利水电设备类,650301,水泵站机电设备安装与运行,6503,MAJOR,中华人民共和国教育部
MOE_VOCATIONAL_2021,VOCATIONAL_SECONDARY,65,水利大类,6503,水利水电设备类,650302,水电站运行与管理,6503,MAJOR,中华人民共和国教育部
MOE_VOCATIONAL_2021,VOCATIONAL_SECONDARY,65,水利大类,6504,水土保持与水环境类,6504,水土保持与水环境类,65,CLASS,中华人民共和国教育部
MOE_VOCATIONAL_2021,VOCATIONAL_SECONDARY,65,水利大类,6504,水土保持与水环境类,650401,水土保持技术,6504,MAJOR,中华人民共和国教育部
MOE_VOCATIONAL_2021,VOCATIONAL_SECONDARY,65,水利大类,6504,水土保持与水环境类,650402,水环境智能监测与保护,6504,MAJOR,中华人民共和国教育部
MOE_VOCATIONAL_2021,VOCATIONAL_SECONDARY,66,装备制造大类,,,66,装备制造大类,,CATEGORY,中华人民共和国教育部
MOE_VOCATIONAL_2021,VOCATIONAL_SECONDARY,66,装备制造大类,6601,机械设计制造类,6601,机械设计制造类,66,CLASS,中华人民共和国教育部
MOE_VOCATIONAL_2021,VOCATIONAL_SECONDARY,66,装备制造大类,6601,机械设计制造类,660101,机械制造技术,6601,MAJOR,中华人民共和国教育部
MOE_VOCATIONAL_2021,VOCATIONAL_SECONDARY,66,装备制造大类,6601,机械设计制造类,660102,机械加工技术,6601,MAJOR,中华人民共和国教育部
MOE_VOCATIONAL_2021,VOCATIONAL_SECONDARY,66,装备制造大类,6601,机械设计制造类,660103,数控技术应用,6601,MAJOR,中华人民共和国教育部
MOE_VOCATIONAL_2021,VOCATIONAL_SECONDARY,66,装备制造大类,6601,机械设计制造类,660104,金属热加工,6601,MAJOR,中华人民共和国教育部
MOE_VOCATIONAL_2021,VOCATIONAL_SECONDARY,66,装备制造大类,6601,机械设计制造类,660105,焊接技术应用,6601,MAJOR,中华人民共和国教育部
MOE_VOCATIONAL_2021,VOCATIONAL_SECONDARY,66,装备制造大类,6601,机械设计制造类,660106,金属表面处理技术应用,6601,MAJOR,中华人民共和国教育部
MOE_VOCATIONAL_2021,VOCATIONAL_SECONDARY,66,装备制造大类,6601,机械设计制造类,660107,增材制造技术应用,6601,MAJOR,中华人民共和国教育部
MOE_VOCATIONAL_2021,VOCATIONAL_SECONDARY,66,装备制造大类,6601,机械设计制造类,660108,模具制造技术,6601,MAJOR,中华人民共和国教育部
MOE_VOCATIONAL_2021,VOCATIONAL_SECONDARY,66,装备制造大类,6601,机械设计制造类,660109,工业产品质量检测技术,6601,MAJOR,中华人民共和国教育部
MOE_VOCATIONAL_2021,VOCATIONAL_SECONDARY,66,装备制造大类,6602,机电设备类,6602,机电设备类,66,CLASS,中华人民共和国教育部
MOE_VOCATIONAL_2021,VOCATIONAL_SECONDARY,66,装备制造大类,6602,机电设备类,660201,智能设备运行与维护,6602,MAJOR,中华人民共和国教育部
MOE_VOCATIONAL_2021,VOCATIONAL_SECONDARY,66,装备制造大类,6602,机电设备类,660202,光电仪器制造与维修,6602,MAJOR,中华人民共和国教育部
MOE_VOCATIONAL_2021,VOCATIONAL_SECONDARY,66,装备制造大类,6602,机电设备类,660203,电机电器制造与维修,6602,MAJOR,中华人民共和国教育部
MOE_VOCATIONAL_2021,VOCATIONAL_SECONDARY,66,装备制造大类,6602,机电设备类,660204,新能源装备运行与维护,6602,MAJOR,中华人民共和国教育部
MOE_VOCATIONAL_2021,VOCATIONAL_SECONDARY,66,装备制造大类,6602,机电设备类,660205,制冷和空调设备运行与维护,6602,MAJOR,中华人民共和国教育部
MOE_VOCATIONAL_2021,VOCATIONAL_SECONDARY,66,装备制造大类,6602,机电设备类,660206,电梯安装与维修保养,6602,MAJOR,中华人民共和国教育部
MOE_VOCATIONAL_2021,VOCATIONAL_SECONDARY,66,装备制造大类,6603,自动化类,6603,自动化类,66,CLASS,中华人民共和国教育部
MOE_VOCATIONAL_2021,VOCATIONAL_SECONDARY,66,装备制造大类,6603,自动化类,660301,机电技术应用,6603,MAJOR,中华人民共和国教育部
MOE_VOCATIONAL_2021,VOCATIONAL_SECONDARY,66,装备制造大类,6603,自动化类,660302,电气设备运行与控制,6603,MAJOR,中华人民共和国教育部
MOE_VOCATIONAL_2021,VOCATIONAL_SECONDARY,66,装备制造大类,6603,自动化类,660303,工业机器人技术应用,6603,MAJOR,中华人民共和国教育部
MOE_VOCATIONAL_2021,VOCATIONAL_SECONDARY,66,装备制造大类,6603,自动化类,660304,工业自动化仪表及应用,6603,MAJOR,中华人民共和国教育部
MOE_VOCATIONAL_2021,VOCATIONAL_SECONDARY,66,装备制造大类,6603,自动化类,660305,液压与气动技术应用,6603,MAJOR,中华人民共和国教育部
MOE_VOCATIONAL_2021,VOCATIONAL_SECONDARY,66,装备制造大类,6603,自动化类,660306,智能化生产线安装与运维,6603,MAJOR,中华人民共和国教育部
MOE_VOCATIONAL_2021,VOCATIONAL_SECONDARY,66,装备制造大类,6603,自动化类,660307,计量测试与应用技术,6603,MAJOR,中华人民共和国教育部
MOE_VOCATIONAL_2021,VOCATIONAL_SECONDARY,66,装备制造大类,6605,船舶与海洋工程装备类,6605,船舶与海洋工程装备类,66,CLASS,中华人民共和国教育部
MOE_VOCATIONAL_2021,VOCATIONAL_SECONDARY,66,装备制造大类,6605,船舶与海洋工程装备类,660501,船体修造技术,6605,MAJOR,中华人民共和国教育部
MOE_VOCATIONAL_2021,VOCATIONAL_SECONDARY,66,装备制造大类,6605,船舶与海洋工程装备类,660502,船舶机械装置安装与维修,6605,MAJOR,中华人民共和国教育部
MOE_VOCATIONAL_2021,VOCATIONAL_SECONDARY,66,装备制造大类,6605,船舶与海洋工程装备类,660503,船舶电气装置安装与调试,6605,MAJOR,中华人民共和国教育部
MOE_VOCATIONAL_2021,VOCATIONAL_SECONDARY,66,装备制造大类,6605,船舶与海洋工程装备类,660504,船舶内装,6605,MAJOR,中华人民共和国教育部
MOE_VOCATIONAL_2021,VOCATIONAL_SECONDARY,66,装备制造大类,6606,航空装备类,6606,航空装备类,66,CLASS,中华人民共和国教育部
MOE_VOCATIONAL_2021,VOCATIONAL_SECONDARY,66,装备制造大类,6606,航空装备类,660601,无人机操控与维护,6606,MAJOR,中华人民共和国教育部
MOE_VOCATIONAL_2021,VOCATIONAL_SECONDARY,66,装备制造大类,6607,汽车制造类,6607,汽车制造类,66,CLASS,中华人民共和国教育部
MOE_VOCATIONAL_2021,VOCATIONAL_SECONDARY,66,装备制造大类,6607,汽车制造类,660701,汽车制造与检测,6607,MAJOR,中华人民共和国教育部
MOE_VOCATIONAL_2021,VOCATIONAL_SECONDARY,66,装备制造大类,6607,汽车制造类,660702,新能源汽车制造与检测,6607,MAJOR,中华人民共和国教育部
MOE_VOCATIONAL_2021,VOCATIONAL_SECONDARY,66,装备制造大类,6607,汽车制造类,660703,汽车电子技术应用,6607,MAJOR,中华人民共和国教育部
MOE_VOCATIONAL_2021,VOCATIONAL_SECONDARY,67,生物与化工大类,,,67,生物与化工大类,,CATEGORY,中华人民共和国教育部
MOE_VOCATIONAL_2021,VOCATIONAL_SECONDARY,67,生物与化工大类,6701,生物技术类,6701,生物技术类,67,CLASS,中华人民共和国教育部
MOE_VOCATIONAL_2021,VOCATIONAL_SECONDARY,67,生物与化工大类,6701,生物技术类,670101,生物产品检验检测,6701,MAJOR,中华人民共和国教育部
MOE_VOCATIONAL_2021,VOCATIONAL_SECONDARY,67,生物与化工大类,6701,生物技术类,670102,生物化工技术应用,6701,MAJOR,中华人民共和国教育部
MOE_VOCATIONAL_2021,VOCATIONAL_SECONDARY,67,生物与化工大类,6702,化工技术类,6702,化工技术类,67,CLASS,中华人民共和国教育部
MOE_VOCATIONAL_2021,VOCATIONAL_SECONDARY,67,生物与化工大类,6702,化工技术类,670201,化学工艺,6702,MAJOR,中华人民共和国教育部
MOE_VOCATIONAL_2021,VOCATIONAL_SECONDARY,67,生物与化工大类,6702,化工技术类,670202,石油炼制技术,6702,MAJOR,中华人民共和国教育部
MOE_VOCATIONAL_2021,VOCATIONAL_SECONDARY,67,生物与化工大类,6702,化工技术类,670203,精细化工技术,6702,MAJOR,中华人民共和国教育部
MOE_VOCATIONAL_2021,VOCATIONAL_SECONDARY,67,生物与化工大类,6702,化工技术类,670204,高分子材料加工工艺,6702,MAJOR,中华人民共和国教育部
MOE_VOCATIONAL_2021,VOCATIONAL_SECONDARY,67,生物与化工大类,6702,化工技术类,670205,橡胶工艺,6702,MAJOR,中华人民共和国教育部
MOE_VOCATIONAL_2021,VOCATIONAL_SECONDARY,67,生物与化工大类,6702,化工技术类,670206,林产化工技术,6702,MAJOR,中华人民共和国教育部
MOE_VOCATIONAL_2021,VOCATIONAL_SECONDARY,67,生物与化工大类,6702,化工技术类,670207,分析检验技术,6702,MAJOR,中华人民共和国教育部
MOE_VOCATIONAL_2021,VOCATIONAL_SECONDARY,67,生物与化工大类,6702,化工技术类,670208,化工机械与设备,6702,MAJOR,中华人民共和国教育部
MOE_VOCATIONAL_2021,VOCATIONAL_SECONDARY,67,生物与化工大类,6702,化工技术类,670209,化工仪表及自动化,6702,MAJOR,中华人民共和国教育部
MOE_VOCATIONAL_2021,VOCATIONAL_SECONDARY,67,生物与化工大类,6702,化工技术类,670210,火炸药技术,6702,MAJOR,中华人民共和国教育部
MOE_VOCATIONAL_2021,VOCATIONAL_SECONDARY,67,生物与化工大类,6702,化工技术类,670211,烟花爆竹生产与管理,6702,MAJOR,中华人民共和国教育部
MOE_VOCATIONAL_2021,VOCATIONAL_SECONDARY,68,轻工纺织大类,,,68,轻工纺织大类,,CATEGORY,中华人民共和国教育部
MOE_VOCATIONAL_2021,VOCATIONAL_SECONDARY,68,轻工纺织大类,6801,轻化工类,6801,轻化工类,68,CLASS,中华人民共和国教育部
MOE_VOCATIONAL_2021,VOCATIONAL_SECONDARY,68,轻工纺织大类,6801,轻化工类,680101,化妆品制造技术,6801,MAJOR,中华人民共和国教育部
MOE_VOCATIONAL_2021,VOCATIONAL_SECONDARY,68,轻工纺织大类,6801,轻化工类,680102,现代造纸工艺,6801,MAJOR,中华人民共和国教育部
MOE_VOCATIONAL_2021,VOCATIONAL_SECONDARY,68,轻工纺织大类,6801,轻化工类,680103,家具设计与制作,6801,MAJOR,中华人民共和国教育部
MOE_VOCATIONAL_2021,VOCATIONAL_SECONDARY,68,轻工纺织大类,6801,轻化工类,680104,塑料成型,6801,MAJOR,中华人民共和国教育部
MOE_VOCATIONAL_2021,VOCATIONAL_SECONDARY,68,轻工纺织大类,6801,轻化工类,680105,皮革工艺,6801,MAJOR,中华人民共和国教育部
MOE_VOCATIONAL_2021,VOCATIONAL_SECONDARY,68,轻工纺织大类,6801,轻化工类,680106,钟表维修,6801,MAJOR,中华人民共和国教育部
MOE_VOCATIONAL_2021,VOCATIONAL_SECONDARY,68,轻工纺织大类,6802,包装类,6802,包装类,68,CLASS,中华人民共和国教育部
MOE_VOCATIONAL_2021,VOCATIONAL_SECONDARY,68,轻工纺织大类,6802,包装类,680201,包装设计与制作,6802,MAJOR,中华人民共和国教育部
MOE_VOCATIONAL_2021,VOCATIONAL_SECONDARY,68,轻工纺织大类,6803,印刷类,6803,印刷类,68,CLASS,中华人民共和国教育部
MOE_VOCATIONAL_2021,VOCATIONAL_SECONDARY,68,轻工纺织大类,6803,印刷类,680301,印刷媒体技术,6803,MAJOR,中华人民共和国教育部
MOE_VOCATIONAL_2021,VOCATIONAL_SECONDARY,68,轻工纺织大类,6804,纺织服装类,6804,纺织服装类,68,CLASS,中华人民共和国教育部
MOE_VOCATIONAL_2021,VOCATIONAL_SECONDARY,68,轻工纺织大类,6804,纺织服装类,680401,纺织技术与服务,6804,MAJOR,中华人民共和国教育部
MOE_VOCATIONAL_2021,VOCATIONAL_SECONDARY,68,轻工纺织大类,6804,纺织服装类,680402,服装设计与工艺,6804,MAJOR,中华人民共和国教育部
MOE_VOCATIONAL_2021,VOCATIONAL_SECONDARY,68,轻工纺织大类,6804,纺织服装类,680403,丝绸工艺,6804,MAJOR,中华人民共和国教育部
MOE_VOCATIONAL_2021,VOCATIONAL_SECONDARY,68,轻工纺织大类,6804,纺织服装类,680404,针织工艺,6804,MAJOR,中华人民共和国教育部
MOE_VOCATIONAL_2021,VOCATIONAL_SECONDARY,68,轻工纺织大类,6804,纺织服装类,680405,数字化染整工艺,6804,MAJOR,中华人民共和国教育部
MOE_VOCATIONAL_2021,VOCATIONAL_SECONDARY,68,轻工纺织大类,6804,纺织服装类,680406,服装制作与生产管理,6804,MAJOR,中华人民共和国教育部
MOE_VOCATIONAL_2021,VOCATIONAL_SECONDARY,69,食品药品与粮食大类,,,69,食品药品与粮食大类,,CATEGORY,中华人民共和国教育部
MOE_VOCATIONAL_2021,VOCATIONAL_SECONDARY,69,食品药品与粮食大类,6901,食品类,6901,食品类,69,CLASS,中华人民共和国教育部
MOE_VOCATIONAL_2021,VOCATIONAL_SECONDARY,69,食品药品与粮食大类,6901,食品类,690101,食品加工工艺,6901,MAJOR,中华人民共和国教育部
MOE_VOCATIONAL_2021,VOCATIONAL_SECONDARY,69,食品药品与粮食大类,6901,食品类,690102,酿酒工艺与技术,6901,MAJOR,中华人民共和国教育部
MOE_VOCATIONAL_2021,VOCATIONAL_SECONDARY,69,食品药品与粮食大类,6901,食品类,690103,民族食品加工技术,6901,MAJOR,中华人民共和国教育部
MOE_VOCATIONAL_2021,VOCATIONAL_SECONDARY,69,食品药品与粮食大类,6901,食品类,690104,食品安全与检测技术,6901,MAJOR,中华人民共和国教育部
MOE_VOCATIONAL_2021,VOCATIONAL_SECONDARY,69,食品药品与粮食大类,6902,药品与医疗器械类,6902,药品与医疗器械类,69,CLASS,中华人民共和国教育部
MOE_VOCATIONAL_2021,VOCATIONAL_SECONDARY,69,食品药品与粮食大类,6902,药品与医疗器械类,690201,制药技术应用,6902,MAJOR,中华人民共和国教育部
MOE_VOCATIONAL_2021,VOCATIONAL_SECONDARY,69,食品药品与粮食大类,6902,药品与医疗器械类,690202,生物制药工艺,6902,MAJOR,中华人民共和国教育部
MOE_VOCATIONAL_2021,VOCATIONAL_SECONDARY,69,食品药品与粮食大类,6902,药品与医疗器械类,690203,生物药物检验,6902,MAJOR,中华人民共和国教育部
MOE_VOCATIONAL_2021,VOCATIONAL_SECONDARY,69,食品药品与粮食大类,6902,药品与医疗器械类,690204,药品食品检验,6902,MAJOR,中华人民共和国教育部
MOE_VOCATIONAL_2021,VOCATIONAL_SECONDARY,69,食品药品与粮食大类,6902,药品与医疗器械类,690205,制药设备维修,6902,MAJOR,中华人民共和国教育部
MOE_VOCATIONAL_2021,VOCATIONAL_SECONDARY,69,食品药品与粮食大类,6902,药品与医疗器械类,690206,医疗设备安装与维护,6902,MAJOR,中华人民共和国教育部
MOE_VOCATIONAL_2021,VOCATIONAL_SECONDARY,69,食品药品与粮食大类,6902,药品与医疗器械类,690207,医疗器械维修与营销,6902,MAJOR,中华人民共和国教育部
MOE_VOCATIONAL_2021,VOCATIONAL_SECONDARY,69,食品药品与粮食大类,6903,粮食类,6903,粮食类,69,CLASS,中华人民共和国教育部
MOE_VOCATIONAL_2021,VOCATIONAL_SECONDARY,69,食品药品与粮食大类,6903,粮食类,690301,粮油和饲料加工技术,6903,MAJOR,中华人民共和国教育部
MOE_VOCATIONAL_2021,VOCATIONAL_SECONDARY,69,食品药品与粮食大类,6903,粮食类,690302,粮油储运与检验技术,6903,MAJOR,中华人民共和国教育部
MOE_VOCATIONAL_2021,VOCATIONAL_SECONDARY,70,交通运输大类,,,70,交通运输大类,,CATEGORY,中华人民共和国教育部
MOE_VOCATIONAL_2021,VOCATIONAL_SECONDARY,70,交通运输大类,7001,铁道运输类,7001,铁道运输类,70,CLASS,中华人民共和国教育部
MOE_VOCATIONAL_2021,VOCATIONAL_SECONDARY,70,交通运输大类,7001,铁道运输类,700101,铁道工程施工与维护,7001,MAJOR,中华人民共和国教育部
MOE_VOCATIONAL_2021,VOCATIONAL_SECONDARY,70,交通运输大类,7001,铁道运输类,700102,电力机车运用与检修,7001,MAJOR,中华人民共和国教育部
MOE_VOCATIONAL_2021,VOCATIONAL_SECONDARY,70,交通运输大类,7001,铁道运输类,700103,内燃机车运用与检修,7001,MAJOR,中华人民共和国教育部
MOE_VOCATIONAL_2021,VOCATIONAL_SECONDARY,70,交通运输大类,7001,铁道运输类,700104,铁道车辆运用与检修,7001,MAJOR,中华人民共和国教育部
MOE_VOCATIONAL_2021,VOCATIONAL_SECONDARY,70,交通运输大类,7001,铁道运输类,700105,电气化铁道供电,7001,MAJOR,中华人民共和国教育部
MOE_VOCATIONAL_2021,VOCATIONAL_SECONDARY,70,交通运输大类,7001,铁道运输类,700106,铁道信号施工与维护,7001,MAJOR,中华人民共和国教育部
MOE_VOCATIONAL_2021,VOCATIONAL_SECONDARY,70,交通运输大类,7001,铁道运输类,700107,铁道运输服务,7001,MAJOR,中华人民共和国教育部
MOE_VOCATIONAL_2021,VOCATIONAL_SECONDARY,70,交通运输大类,7001,铁道运输类,700108,高速铁路乘务,7001,MAJOR,中华人民共和国教育部
MOE_VOCATIONAL_2021,VOCATIONAL_SECONDARY,70,交通运输大类,7001,铁道运输类,700109,铁道桥梁隧道施工与维护,7001,MAJOR,中华人民共和国教育部
MOE_VOCATIONAL_2021,VOCATIONAL_SECONDARY,70,交通运输大类,7002,道路运输类,7002,道路运输类,70,CLASS,中华人民共和国教育部
MOE_VOCATIONAL_2021,VOCATIONAL_SECONDARY,70,交通运输大类,7002,道路运输类,700201,道路与桥梁工程施工,7002,MAJOR,中华人民共和国教育部
MOE_VOCATIONAL_2021,VOCATIONAL_SECONDARY,70,交通运输大类,7002,道路运输类,700202,公路养护与管理,7002,MAJOR,中华人民共和国教育部
MOE_VOCATIONAL_2021,VOCATIONAL_SECONDARY,70,交通运输大类,7002,道路运输类,700203,交通运营服务,7002,MAJOR,中华人民共和国教育部
MOE_VOCATIONAL_2021,VOCATIONAL_SECONDARY,70,交通运输大类,7002,道路运输类,700204,交通工程机械运用与维修,7002,MAJOR,中华人民共和国教育部
MOE_VOCATIONAL_2021,VOCATIONAL_SECONDARY,70,交通运输大类,7002,道路运输类,700205,汽车服务与营销,7002,MAJOR,中华人民共和国教育部
MOE_VOCATIONAL_2021,VOCATIONAL_SECONDARY,70,交通运输大类,7002,道路运输类,700206,汽车运用与维修,7002,MAJOR,中华人民共和国教育部
MOE_VOCATIONAL_2021,VOCATIONAL_SECONDARY,70,交通运输大类,7002,道路运输类,700207,汽车车身修复,7002,MAJOR,中华人民共和国教育部
MOE_VOCATIONAL_2021,VOCATIONAL_SECONDARY,70,交通运输大类,7002,道路运输类,700208,汽车美容与装潢,7002,MAJOR,中华人民共和国教育部
MOE_VOCATIONAL_2021,VOCATIONAL_SECONDARY,70,交通运输大类,7002,道路运输类,700209,新能源汽车运用与维修,7002,MAJOR,中华人民共和国教育部
MOE_VOCATIONAL_2021,VOCATIONAL_SECONDARY,70,交通运输大类,7003,水上运输类,7003,水上运输类,70,CLASS,中华人民共和国教育部
MOE_VOCATIONAL_2021,VOCATIONAL_SECONDARY,70,交通运输大类,7003,水上运输类,700301,船舶驾驶,7003,MAJOR,中华人民共和国教育部
MOE_VOCATIONAL_2021,VOCATIONAL_SECONDARY,70,交通运输大类,7003,水上运输类,700302,船舶机工与水手,7003,MAJOR,中华人民共和国教育部
MOE_VOCATIONAL_2021,VOCATIONAL_SECONDARY,70,交通运输大类,7003,水上运输类,700303,轮机维护与管理,7003,MAJOR,中华人民共和国教育部
MOE_VOCATIONAL_2021,VOCATIONAL_SECONDARY,70,交通运输大类,7003,水上运输类,700304,邮轮乘务,7003,MAJOR,中华人民共和国教育部
MOE_VOCATIONAL_2021,VOCATIONAL_SECONDARY,70,交通运输大类,7003,水上运输类,700305,水路运输服务,7003,MAJOR,中华人民共和国教育部
MOE_VOCATIONAL_2021,VOCATIONAL_SECONDARY,70,交通运输大类,7003,水上运输类,700306,港口机械运用与维修,7003,MAJOR,中华人民共和国教育部
MOE_VOCATIONAL_2021,VOCATIONAL_SECONDARY,70,交通运输大类,7003,水上运输类,700307,外轮理货,7003,MAJOR,中华人民共和国教育部
MOE_VOCATIONAL_2021,VOCATIONAL_SECONDARY,70,交通运输大类,7003,水上运输类,700308,工程潜水,7003,MAJOR,中华人民共和国教育部
MOE_VOCATIONAL_2021,VOCATIONAL_SECONDARY,70,交通运输大类,7004,航空运输类,7004,航空运输类,70,CLASS,中华人民共和国教育部
MOE_VOCATIONAL_2021,VOCATIONAL_SECONDARY,70,交通运输大类,7004,航空运输类,700401,民航运输服务,7004,MAJOR,中华人民共和国教育部
MOE_VOCATIONAL_2021,VOCATIONAL_SECONDARY,70,交通运输大类,7004,航空运输类,700402,航空服务,7004,MAJOR,中华人民共和国教育部
MOE_VOCATIONAL_2021,VOCATIONAL_SECONDARY,70,交通运输大类,7004,航空运输类,700403,飞机设备维修,7004,MAJOR,中华人民共和国教育部
MOE_VOCATIONAL_2021,VOCATIONAL_SECONDARY,70,交通运输大类,7004,航空运输类,700404,机场场务技术与管理,7004,MAJOR,中华人民共和国教育部
MOE_VOCATIONAL_2021,VOCATIONAL_SECONDARY,70,交通运输大类,7006,城市轨道交通类,7006,城市轨道交通类,70,CLASS,中华人民共和国教育部
MOE_VOCATIONAL_2021,VOCATIONAL_SECONDARY,70,交通运输大类,7006,城市轨道交通类,700601,城市轨道交通车辆运用与检修,7006,MAJOR,中华人民共和国教育部
MOE_VOCATIONAL_2021,VOCATIONAL_SECONDARY,70,交通运输大类,7006,城市轨道交通类,700602,城市轨道交通信号维护,7006,MAJOR,中华人民共和国教育部
MOE_VOCATIONAL_2021,VOCATIONAL_SECONDARY,70,交通运输大类,7006,城市轨道交通类,700603,城市轨道交通供电,7006,MAJOR,中华人民共和国教育部
MOE_VOCATIONAL_2021,VOCATIONAL_SECONDARY,70,交通运输大类,7006,城市轨道交通类,700604,城市轨道交通运营服务,7006,MAJOR,中华人民共和国教育部
MOE_VOCATIONAL_2021,VOCATIONAL_SECONDARY,70,交通运输大类,7007,邮政类,7007,邮政类,70,CLASS,中华人民共和国教育部
MOE_VOCATIONAL_2021,VOCATIONAL_SECONDARY,70,交通运输大类,7007,邮政类,700701,邮政快递运营,7007,MAJOR,中华人民共和国教育部
MOE_VOCATIONAL_2021,VOCATIONAL_SECONDARY,70,交通运输大类,7007,邮政类,700702,邮政快递安全技术,7007,MAJOR,中华人民共和国教育部
MOE_VOCATIONAL_2021,VOCATIONAL_SECONDARY,70,交通运输大类,7007,邮政类,700703,邮政通信服务,7007,MAJOR,中华人民共和国教育部
MOE_VOCATIONAL_2021,VOCATIONAL_SECONDARY,71,电子与信息大类,,,71,电子与信息大类,,CATEGORY,中华人民共和国教育部
MOE_VOCATIONAL_2021,VOCATIONAL_SECONDARY,71,电子与信息大类,7101,电子信息类,7101,电子信息类,71,CLASS,中华人民共和国教育部
MOE_VOCATIONAL_2021,VOCATIONAL_SECONDARY,71,电子与信息大类,7101,电子信息类,710101,电子信息技术,7101,MAJOR,中华人民共和国教育部
MOE_VOCATIONAL_2021,VOCATIONAL_SECONDARY,71,电子与信息大类,7101,电子信息类,710102,物联网技术应用,7101,MAJOR,中华人民共和国教育部
MOE_VOCATIONAL_2021,VOCATIONAL_SECONDARY,71,电子与信息大类,7101,电子信息类,710103,电子技术应用,7101,MAJOR,中华人民共和国教育部
MOE_VOCATIONAL_2021,VOCATIONAL_SECONDARY,71,电子与信息大类,7101,电子信息类,710104,电子材料与元器件制造,7101,MAJOR,中华人民共和国教育部
MOE_VOCATIONAL_2021,VOCATIONAL_SECONDARY,71,电子与信息大类,7101,电子信息类,710105,电子电器应用与维修,7101,MAJOR,中华人民共和国教育部
MOE_VOCATIONAL_2021,VOCATIONAL_SECONDARY,71,电子与信息大类,7101,电子信息类,710106,服务机器人装配与维护,7101,MAJOR,中华人民共和国教育部
MOE_VOCATIONAL_2021,VOCATIONAL_SECONDARY,71,电子与信息大类,7102,计算机类,7102,计算机类,71,CLASS,中华人民共和国教育部
MOE_VOCATIONAL_2021,VOCATIONAL_SECONDARY,71,电子与信息大类,7102,计算机类,710201,计算机应用,7102,MAJOR,中华人民共和国教育部
MOE_VOCATIONAL_2021,VOCATIONAL_SECONDARY,71,电子与信息大类,7102,计算机类,710202,计算机网络技术,7102,MAJOR,中华人民共和国教育部
MOE_VOCATIONAL_2021,VOCATIONAL_SECONDARY,71,电子与信息大类,7102,计算机类,710203,软件与信息服务,7102,MAJOR,中华人民共和国教育部
MOE_VOCATIONAL_2021,VOCATIONAL_SECONDARY,71,电子与信息大类,7102,计算机类,710204,数字媒体技术应用,7102,MAJOR,中华人民共和国教育部
MOE_VOCATIONAL_2021,VOCATIONAL_SECONDARY,71,电子与信息大类,7102,计算机类,710205,大数据技术应用,7102,MAJOR,中华人民共和国教育部
MOE_VOCATIONAL_2021,VOCATIONAL_SECONDARY,71,电子与信息大类,7102,计算机类,710206,移动应用技术与服务,7102,MAJOR,中华人民共和国教育部
MOE_VOCATIONAL_2021,VOCATIONAL_SECONDARY,71,电子与信息大类,7102,计算机类,710207,网络信息安全,7102,MAJOR,中华人民共和国教育部
MOE_VOCATIONAL_2021,VOCATIONAL_SECONDARY,71,电子与信息大类,7102,计算机类,710208,网络安防系统安装与维护,7102,MAJOR,中华人民共和国教育部
MOE_VOCATIONAL_2021,VOCATIONAL_SECONDARY,71,电子与信息大类,7102,计算机类,710209,网站建设与管理,7102,MAJOR,中华人民共和国教育部
MOE_VOCATIONAL_2021,VOCATIONAL_SECONDARY,71,电子与信息大类,7102,计算机类,710210,计算机平面设计,7102,MAJOR,中华人民共和国教育部
MOE_VOCATIONAL_2021,VOCATIONAL_SECONDARY,71,电子与信息大类,7102,计算机类,710211,计算机与数码设备维修,7102,MAJOR,中华人民共和国教育部
MOE_VOCATIONAL_2021,VOCATIONAL_SECONDARY,71,电子与信息大类,7103,通信类,7103,通信类,71,CLASS,中华人民共和国教育部
MOE_VOCATIONAL_2021,VOCATIONAL_SECONDARY,71,电子与信息大类,7103,通信类,710301,现代通信技术应用,7103,MAJOR,中华人民共和国教育部
MOE_VOCATIONAL_2021,VOCATIONAL_SECONDARY,71,电子与信息大类,7103,通信类,710302,通信系统工程安装与维护,7103,MAJOR,中华人民共和国教育部
MOE_VOCATIONAL_2021,VOCATIONAL_SECONDARY,71,电子与信息大类,7103,通信类,710303,通信运营服务,7103,MAJOR,中华人民共和国教育部
MOE_VOCATIONAL_2021,VOCATIONAL_SECONDARY,71,电子与信息大类,7104,集成电路类,7104,集成电路类,71,CLASS,中华人民共和国教育部
MOE_VOCATIONAL_2021,VOCATIONAL_SECONDARY,71,电子与信息大类,7104,集成电路类,710401,微电子技术与器件制造,7104,MAJOR,中华人民共和国教育部
MOE_VOCATIONAL_2021,VOCATIONAL_SECONDARY,72,医药卫生大类,,,72,医药卫生大类,,CATEGORY,中华人民共和国教育部
MOE_VOCATIONAL_2021,VOCATIONAL_SECONDARY,72,医药卫生大类,7202,护理类,7202,护理类,72,CLASS,中华人民共和国教育部
MOE_VOCATIONAL_2021,VOCATIONAL_SECONDARY,72,医药卫生大类,7202,护理类,720201,护理,7202,MAJOR,中华人民共和国教育部
MOE_VOCATIONAL_2021,VOCATIONAL_SECONDARY,72,医药卫生大类,7203,药学类,7203,药学类,72,CLASS,中华人民共和国教育部
MOE_VOCATIONAL_2021,VOCATIONAL_SECONDARY,72,医药卫生大类,7203,药学类,720301,药剂,7203,MAJOR,中华人民共和国教育部
MOE_VOCATIONAL_2021,VOCATIONAL_SECONDARY,72,医药卫生大类,7204,中医药类,7204,中医药类,72,CLASS,中华人民共和国教育部
MOE_VOCATIONAL_2021,VOCATIONAL_SECONDARY,72,医药卫生大类,7204,中医药类,720401,中医,7204,MAJOR,中华人民共和国教育部
MOE_VOCATIONAL_2021,VOCATIONAL_SECONDARY,72,医药卫生大类,7204,中医药类,720402,中医护理,7204,MAJOR,中华人民共和国教育部
MOE_VOCATIONAL_2021,VOCATIONAL_SECONDARY,72,医药卫生大类,7204,中医药类,720403,中药,7204,MAJOR,中华人民共和国教育部
MOE_VOCATIONAL_2021,VOCATIONAL_SECONDARY,72,医药卫生大类,7204,中医药类,720404,藏医医疗与藏药,7204,MAJOR,中华人民共和国教育部
MOE_VOCATIONAL_2021,VOCATIONAL_SECONDARY,72,医药卫生大类,7204,中医药类,720405,维医医疗与维药,7204,MAJOR,中华人民共和国教育部
MOE_VOCATIONAL_2021,VOCATIONAL_SECONDARY,72,医药卫生大类,7204,中医药类,720406,蒙医医疗与蒙药,7204,MAJOR,中华人民共和国教育部
MOE_VOCATIONAL_2021,VOCATIONAL_SECONDARY,72,医药卫生大类,7204,中医药类,720407,中药制药,7204,MAJOR,中华人民共和国教育部
MOE_VOCATIONAL_2021,VOCATIONAL_SECONDARY,72,医药卫生大类,7204,中医药类,720408,中医康复技术,7204,MAJOR,中华人民共和国教育部
MOE_VOCATIONAL_2021,VOCATIONAL_SECONDARY,72,医药卫生大类,7204,中医药类,720409,中医养生保健,7204,MAJOR,中华人民共和国教育部
MOE_VOCATIONAL_2021,VOCATIONAL_SECONDARY,72,医药卫生大类,7204,中医药类,720410,哈医医疗与哈药,7204,MAJOR,中华人民共和国教育部
MOE_VOCATIONAL_2021,VOCATIONAL_SECONDARY,72,医药卫生大类,7205,医学技术类,7205,医学技术类,72,CLASS,中华人民共和国教育部
MOE_VOCATIONAL_2021,VOCATIONAL_SECONDARY,72,医药卫生大类,7205,医学技术类,720501,医学检验技术,7205,MAJOR,中华人民共和国教育部
MOE_VOCATIONAL_2021,VOCATIONAL_SECONDARY,72,医药卫生大类,7205,医学技术类,720502,医学影像技术,7205,MAJOR,中华人民共和国教育部
MOE_VOCATIONAL_2021,VOCATIONAL_SECONDARY,72,医药卫生大类,7205,医学技术类,720503,医学生物技术,7205,MAJOR,中华人民共和国教育部
MOE_VOCATIONAL_2021,VOCATIONAL_SECONDARY,72,医药卫生大类,7205,医学技术类,720504,口腔修复工艺,7205,MAJOR,中华人民共和国教育部
MOE_VOCATIONAL_2021,VOCATIONAL_SECONDARY,72,医药卫生大类,7206,康复治疗类,7206,康复治疗类,72,CLASS,中华人民共和国教育部
MOE_VOCATIONAL_2021,VOCATIONAL_SECONDARY,72,医药卫生大类,7206,康复治疗类,720601,康复技术,7206,MAJOR,中华人民共和国教育部
MOE_VOCATIONAL_2021,VOCATIONAL_SECONDARY,72,医药卫生大类,7206,康复治疗类,720602,康复辅助器具技术及应用,7206,MAJOR,中华人民共和国教育部
MOE_VOCATIONAL_2021,VOCATIONAL_SECONDARY,72,医药卫生大类,7207,公共卫生与卫生管理类,7207,公共卫生与卫生管理类,72,CLASS,中华人民共和国教育部
MOE_VOCATIONAL_2021,VOCATIONAL_SECONDARY,72,医药卫生大类,7207,公共卫生与卫生管理类,720701,卫生信息管理,7207,MAJOR,中华人民共和国教育部
MOE_VOCATIONAL_2021,VOCATIONAL_SECONDARY,72,医药卫生大类,7208,健康管理与促进类,7208,健康管理与促进类,72,CLASS,中华人民共和国教育部
MOE_VOCATIONAL_2021,VOCATIONAL_SECONDARY,72,医药卫生大类,7208,健康管理与促进类,720801,营养与保健,7208,MAJOR,中华人民共和国教育部
MOE_VOCATIONAL_2021,VOCATIONAL_SECONDARY,72,医药卫生大类,7208,健康管理与促进类,720802,生殖健康管理,7208,MAJOR,中华人民共和国教育部
MOE_VOCATIONAL_2021,VOCATIONAL_SECONDARY,72,医药卫生大类,7208,健康管理与促进类,720803,婴幼儿托育,7208,MAJOR,中华人民共和国教育部
MOE_VOCATIONAL_2021,VOCATIONAL_SECONDARY,72,医药卫生大类,7209,眼视光类,7209,眼视光类,72,CLASS,中华人民共和国教育部
MOE_VOCATIONAL_2021,VOCATIONAL_SECONDARY,72,医药卫生大类,7209,眼视光类,720901,眼视光与配镜,7209,MAJOR,中华人民共和国教育部
MOE_VOCATIONAL_2021,VOCATIONAL_SECONDARY,73,财经商贸大类,,,73,财经商贸大类,,CATEGORY,中华人民共和国教育部
MOE_VOCATIONAL_2021,VOCATIONAL_SECONDARY,73,财经商贸大类,7301,财政税务类,7301,财政税务类,73,CLASS,中华人民共和国教育部
MOE_VOCATIONAL_2021,VOCATIONAL_SECONDARY,73,财经商贸大类,7301,财政税务类,730101,纳税事务,7301,MAJOR,中华人民共和国教育部
MOE_VOCATIONAL_2021,VOCATIONAL_SECONDARY,73,财经商贸大类,7302,金融类,7302,金融类,73,CLASS,中华人民共和国教育部
MOE_VOCATIONAL_2021,VOCATIONAL_SECONDARY,73,财经商贸大类,7302,金融类,730201,金融事务,7302,MAJOR,中华人民共和国教育部
MOE_VOCATIONAL_2021,VOCATIONAL_SECONDARY,73,财经商贸大类,7303,财务会计类,7303,财务会计类,73,CLASS,中华人民共和国教育部
MOE_VOCATIONAL_2021,VOCATIONAL_SECONDARY,73,财经商贸大类,7303,财务会计类,730301,会计事务,7303,MAJOR,中华人民共和国教育部
MOE_VOCATIONAL_2021,VOCATIONAL_SECONDARY,73,财经商贸大类,7304,统计类,7304,统计类,73,CLASS,中华人民共和国教育部
MOE_VOCATIONAL_2021,VOCATIONAL_SECONDARY,73,财经商贸大类,7304,统计类,730401,统计事务,7304,MAJOR,中华人民共和国教育部
MOE_VOCATIONAL_2021,VOCATIONAL_SECONDARY,73,财经商贸大类,7305,经济贸易类,7305,经济贸易类,73,CLASS,中华人民共和国教育部
MOE_VOCATIONAL_2021,VOCATIONAL_SECONDARY,73,财经商贸大类,7305,经济贸易类,730501,国际商务,7305,MAJOR,中华人民共和国教育部
MOE_VOCATIONAL_2021,VOCATIONAL_SECONDARY,73,财经商贸大类,7305,经济贸易类,730502,服务外包,7305,MAJOR,中华人民共和国教育部
MOE_VOCATIONAL_2021,VOCATIONAL_SECONDARY,73,财经商贸大类,7306,工商管理类,7306,工商管理类,73,CLASS,中华人民共和国教育部
MOE_VOCATIONAL_2021,VOCATIONAL_SECONDARY,73,财经商贸大类,7306,工商管理类,730601,连锁经营与管理,7306,MAJOR,中华人民共和国教育部
MOE_VOCATIONAL_2021,VOCATIONAL_SECONDARY,73,财经商贸大类,7306,工商管理类,730602,市场营销,7306,MAJOR,中华人民共和国教育部
MOE_VOCATIONAL_2021,VOCATIONAL_SECONDARY,73,财经商贸大类,7306,工商管理类,730603,客户信息服务,7306,MAJOR,中华人民共和国教育部
MOE_VOCATIONAL_2021,VOCATIONAL_SECONDARY,73,财经商贸大类,7307,电子商务类,7307,电子商务类,73,CLASS,中华人民共和国教育部
MOE_VOCATIONAL_2021,VOCATIONAL_SECONDARY,73,财经商贸大类,7307,电子商务类,730701,电子商务,7307,MAJOR,中华人民共和国教育部
MOE_VOCATIONAL_2021,VOCATIONAL_SECONDARY,73,财经商贸大类,7307,电子商务类,730702,跨境电子商务,7307,MAJOR,中华人民共和国教育部
MOE_VOCATIONAL_2021,VOCATIONAL_SECONDARY,73,财经商贸大类,7307,电子商务类,730703,移动商务,7307,MAJOR,中华人民共和国教育部
MOE_VOCATIONAL_2021,VOCATIONAL_SECONDARY,73,财经商贸大类,7307,电子商务类,730704,网络营销,7307,MAJOR,中华人民共和国教育部
MOE_VOCATIONAL_2021,VOCATIONAL_SECONDARY,73,财经商贸大类,7307,电子商务类,730705,直播电商服务,7307,MAJOR,中华人民共和国教育部
MOE_VOCATIONAL_2021,VOCATIONAL_SECONDARY,73,财经商贸大类,7308,物流类,7308,物流类,73,CLASS,中华人民共和国教育部
MOE_VOCATIONAL_2021,VOCATIONAL_SECONDARY,73,财经商贸大类,7308,物流类,730801,物流服务与管理,7308,MAJOR,中华人民共和国教育部
MOE_VOCATIONAL_2021,VOCATIONAL_SECONDARY,73,财经商贸大类,7308,物流类,730802,冷链物流服务与管理,7308,MAJOR,中华人民共和国教育部
MOE_VOCATIONAL_2021,VOCATIONAL_SECONDARY,73,财经商贸大类,7308,物流类,730803,国际货运代理,7308,MAJOR,中华人民共和国教育部
MOE_VOCATIONAL_2021,VOCATIONAL_SECONDARY,73,财经商贸大类,7308,物流类,730804,物流设施运行与维护,7308,MAJOR,中华人民共和国教育部
MOE_VOCATIONAL_2021,VOCATIONAL_SECONDARY,74,旅游大类,,,74,旅游大类,,CATEGORY,中华人民共和国教育部
MOE_VOCATIONAL_2021,VOCATIONAL_SECONDARY,74,旅游大类,7401,旅游类,7401,旅游类,74,CLASS,中华人民共和国教育部
MOE_VOCATIONAL_2021,VOCATIONAL_SECONDARY,74,旅游大类,7401,旅游类,740101,旅游服务与管理,7401,MAJOR,中华人民共和国教育部
MOE_VOCATIONAL_2021,VOCATIONAL_SECONDARY,74,旅游大类,7401,旅游类,740102,导游服务,7401,MAJOR,中华人民共和国教育部
MOE_VOCATIONAL_2021,VOCATIONAL_SECONDARY,74,旅游大类,7401,旅游类,740103,康养休闲旅游服务,7401,MAJOR,中华人民共和国教育部
MOE_VOCATIONAL_2021,VOCATIONAL_SECONDARY,74,旅游大类,7401,旅游类,740104,高星级饭店运营与管理,7401,MAJOR,中华人民共和国教育部
MOE_VOCATIONAL_2021,VOCATIONAL_SECONDARY,74,旅游大类,7401,旅游类,740105,茶艺与茶营销,7401,MAJOR,中华人民共和国教育部
MOE_VOCATIONAL_2021,VOCATIONAL_SECONDARY,74,旅游大类,7401,旅游类,740106,会展服务与管理,7401,MAJOR,中华人民共和国教育部
MOE_VOCATIONAL_2021,VOCATIONAL_SECONDARY,74,旅游大类,7402,餐饮类,7402,餐饮类,74,CLASS,中华人民共和国教育部
MOE_VOCATIONAL_2021,VOCATIONAL_SECONDARY,74,旅游大类,7402,餐饮类,740201,中餐烹饪,7402,MAJOR,中华人民共和国教育部
MOE_VOCATIONAL_2021,VOCATIONAL_SECONDARY,74,旅游大类,7402,餐饮类,740202,西餐烹饪,7402,MAJOR,中华人民共和国教育部
MOE_VOCATIONAL_2021,VOCATIONAL_SECONDARY,74,旅游大类,7402,餐饮类,740203,中西面点,7402,MAJOR,中华人民共和国教育部
MOE_VOCATIONAL_2021,VOCATIONAL_SECONDARY,75,文化艺术大类,,,75,文化艺术大类,,CATEGORY,中华人民共和国教育部
MOE_VOCATIONAL_2021,VOCATIONAL_SECONDARY,75,文化艺术大类,7501,艺术设计类,7501,艺术设计类,75,CLASS,中华人民共和国教育部
MOE_VOCATIONAL_2021,VOCATIONAL_SECONDARY,75,文化艺术大类,7501,艺术设计类,750101,艺术设计与制作,7501,MAJOR,中华人民共和国教育部
MOE_VOCATIONAL_2021,VOCATIONAL_SECONDARY,75,文化艺术大类,7501,艺术设计类,750102,界面设计与制作,7501,MAJOR,中华人民共和国教育部
MOE_VOCATIONAL_2021,VOCATIONAL_SECONDARY,75,文化艺术大类,7501,艺术设计类,750103,数字影像技术,7501,MAJOR,中华人民共和国教育部
MOE_VOCATIONAL_2021,VOCATIONAL_SECONDARY,75,文化艺术大类,7501,艺术设计类,750104,皮革制品设计与制作,7501,MAJOR,中华人民共和国教育部
MOE_VOCATIONAL_2021,VOCATIONAL_SECONDARY,75,文化艺术大类,7501,艺术设计类,750105,服装陈列与展示设计,7501,MAJOR,中华人民共和国教育部
MOE_VOCATIONAL_2021,VOCATIONAL_SECONDARY,75,文化艺术大类,7501,艺术设计类,750106,工艺美术,7501,MAJOR,中华人民共和国教育部
MOE_VOCATIONAL_2021,VOCATIONAL_SECONDARY,75,文化艺术大类,7501,艺术设计类,750107,绘画,7501,MAJOR,中华人民共和国教育部
MOE_VOCATIONAL_2021,VOCATIONAL_SECONDARY,75,文化艺术大类,7501,艺术设计类,750108,首饰设计与制作,7501,MAJOR,中华人民共和国教育部
MOE_VOCATIONAL_2021,VOCATIONAL_SECONDARY,75,文化艺术大类,7501,艺术设计类,750109,动漫与游戏设计,7501,MAJOR,中华人民共和国教育部
MOE_VOCATIONAL_2021,VOCATIONAL_SECONDARY,75,文化艺术大类,7501,艺术设计类,750110,美发与形象设计,7501,MAJOR,中华人民共和国教育部
MOE_VOCATIONAL_2021,VOCATIONAL_SECONDARY,75,文化艺术大类,7501,艺术设计类,750111,美容美体艺术,7501,MAJOR,中华人民共和国教育部
MOE_VOCATIONAL_2021,VOCATIONAL_SECONDARY,75,文化艺术大类,7501,艺术设计类,750112,工艺品设计与制作,7501,MAJOR,中华人民共和国教育部
MOE_VOCATIONAL_2021,VOCATIONAL_SECONDARY,75,文化艺术大类,7502,表演艺术类,7502,表演艺术类,75,CLASS,中华人民共和国教育部
MOE_VOCATIONAL_2021,VOCATIONAL_SECONDARY,75,文化艺术大类,7502,表演艺术类,750201,音乐表演,7502,MAJOR,中华人民共和国教育部
MOE_VOCATIONAL_2021,VOCATIONAL_SECONDARY,75,文化艺术大类,7502,表演艺术类,750202,舞蹈表演,7502,MAJOR,中华人民共和国教育部
MOE_VOCATIONAL_2021,VOCATIONAL_SECONDARY,75,文化艺术大类,7502,表演艺术类,750203,戏曲表演,7502,MAJOR,中华人民共和国教育部
MOE_VOCATIONAL_2021,VOCATIONAL_SECONDARY,75,文化艺术大类,7502,表演艺术类,750204,戏剧表演,7502,MAJOR,中华人民共和国教育部
MOE_VOCATIONAL_2021,VOCATIONAL_SECONDARY,75,文化艺术大类,7502,表演艺术类,750205,曲艺表演,7502,MAJOR,中华人民共和国教育部
MOE_VOCATIONAL_2021,VOCATIONAL_SECONDARY,75,文化艺术大类,7502,表演艺术类,750206,服装表演,7502,MAJOR,中华人民共和国教育部
MOE_VOCATIONAL_2021,VOCATIONAL_SECONDARY,75,文化艺术大类,7502,表演艺术类,750207,杂技与魔术表演,7502,MAJOR,中华人民共和国教育部
MOE_VOCATIONAL_2021,VOCATIONAL_SECONDARY,75,文化艺术大类,7502,表演艺术类,750208,木偶与皮影表演及制作,7502,MAJOR,中华人民共和国教育部
MOE_VOCATIONAL_2021,VOCATIONAL_SECONDARY,75,文化艺术大类,7502,表演艺术类,750209,戏曲音乐,7502,MAJOR,中华人民共和国教育部
MOE_VOCATIONAL_2021,VOCATIONAL_SECONDARY,75,文化艺术大类,7502,表演艺术类,750210,舞台艺术设计与制作,7502,MAJOR,中华人民共和国教育部
MOE_VOCATIONAL_2021,VOCATIONAL_SECONDARY,75,文化艺术大类,7502,表演艺术类,750211,数字音乐制作,7502,MAJOR,中华人民共和国教育部
MOE_VOCATIONAL_2021,VOCATIONAL_SECONDARY,75,文化艺术大类,7502,表演艺术类,750212,乐器维修与制作,7502,MAJOR,中华人民共和国教育部
MOE_VOCATIONAL_2021,VOCATIONAL_SECONDARY,75,文化艺术大类,7503,民族文化艺术类,7503,民族文化艺术类,75,CLASS,中华人民共和国教育部
MOE_VOCATIONAL_2021,VOCATIONAL_SECONDARY,75,文化艺术大类,7503,民族文化艺术类,750301,民族音乐与舞蹈,7503,MAJOR,中华人民共和国教育部
MOE_VOCATIONAL_2021,VOCATIONAL_SECONDARY,75,文化艺术大类,7503,民族文化艺术类,750302,民族美术,7503,MAJOR,中华人民共和国教育部
MOE_VOCATIONAL_2021,VOCATIONAL_SECONDARY,75,文化艺术大类,7503,民族文化艺术类,750303,民族服装与饰品,7503,MAJOR,中华人民共和国教育部
MOE_VOCATIONAL_2021,VOCATIONAL_SECONDARY,75,文化艺术大类,7503,民族文化艺术类,750304,民族纺染织绣技艺,7503,MAJOR,中华人民共和国教育部
MOE_VOCATIONAL_2021,VOCATIONAL_SECONDARY,75,文化艺术大类,7503,民族文化艺术类,750305,民间传统工艺,7503,MAJOR,中华人民共和国教育部
MOE_VOCATIONAL_2021,VOCATIONAL_SECONDARY,75,文化艺术大类,7503,民族文化艺术类,750306,民族工艺品设计与制作,7503,MAJOR,中华人民共和国教育部
MOE_VOCATIONAL_2021,VOCATIONAL_SECONDARY,75,文化艺术大类,7504,文化服务类,7504,文化服务类,75,CLASS,中华人民共和国教育部
MOE_VOCATIONAL_2021,VOCATIONAL_SECONDARY,75,文化艺术大类,7504,文化服务类,750401,社会文化艺术,7504,MAJOR,中华人民共和国教育部
MOE_VOCATIONAL_2021,VOCATIONAL_SECONDARY,75,文化艺术大类,7504,文化服务类,750402,文物保护技术,7504,MAJOR,中华人民共和国教育部
MOE_VOCATIONAL_2021,VOCATIONAL_SECONDARY,75,文化艺术大类,7504,文化服务类,750403,图书档案数字化管理,7504,MAJOR,中华人民共和国教育部
MOE_VOCATIONAL_2021,VOCATIONAL_SECONDARY,76,新闻传播大类,,,76,新闻传播大类,,CATEGORY,中华人民共和国教育部
MOE_VOCATIONAL_2021,VOCATIONAL_SECONDARY,76,新闻传播大类,7601,新闻出版类,7601,新闻出版类,76,CLASS,中华人民共和国教育部
MOE_VOCATIONAL_2021,VOCATIONAL_SECONDARY,76,新闻传播大类,7601,新闻出版类,760101,出版商务,7601,MAJOR,中华人民共和国教育部
MOE_VOCATIONAL_2021,VOCATIONAL_SECONDARY,76,新闻传播大类,7602,广播影视类,7602,广播影视类,76,CLASS,中华人民共和国教育部
MOE_VOCATIONAL_2021,VOCATIONAL_SECONDARY,76,新闻传播大类,7602,广播影视类,760201,播音与主持,7602,MAJOR,中华人民共和国教育部
MOE_VOCATIONAL_2021,VOCATIONAL_SECONDARY,76,新闻传播大类,7602,广播影视类,760202,广播影视节目制作,7602,MAJOR,中华人民共和国教育部
MOE_VOCATIONAL_2021,VOCATIONAL_SECONDARY,76,新闻传播大类,7602,广播影视类,760203,影像与影视技术,7602,MAJOR,中华人民共和国教育部
MOE_VOCATIONAL_2021,VOCATIONAL_SECONDARY,76,新闻传播大类,7602,广播影视类,760204,动漫与游戏制作,7602,MAJOR,中华人民共和国教育部
MOE_VOCATIONAL_2021,VOCATIONAL_SECONDARY,77,教育与体育大类,,,77,教育与体育大类,,CATEGORY,中华人民共和国教育部
MOE_VOCATIONAL_2021,VOCATIONAL_SECONDARY,77,教育与体育大类,7701,教育类,7701,教育类,77,CLASS,中华人民共和国教育部
MOE_VOCATIONAL_2021,VOCATIONAL_SECONDARY,77,教育与体育大类,7701,教育类,770101,幼儿保育,7701,MAJOR,中华人民共和国教育部
MOE_VOCATIONAL_2021,VOCATIONAL_SECONDARY,77,教育与体育大类,7702,语言类,7702,语言类,77,CLASS,中华人民共和国教育部
MOE_VOCATIONAL_2021,VOCATIONAL_SECONDARY,77,教育与体育大类,7702,语言类,770201,商务英语,7702,MAJOR,中华人民共和国教育部
MOE_VOCATIONAL_2021,VOCATIONAL_SECONDARY,77,教育与体育大类,7702,语言类,770202,商务日语,7702,MAJOR,中华人民共和国教育部
MOE_VOCATIONAL_2021,VOCATIONAL_SECONDARY,77,教育与体育大类,7702,语言类,770203,商务德语,7702,MAJOR,中华人民共和国教育部
MOE_VOCATIONAL_2021,VOCATIONAL_SECONDARY,77,教育与体育大类,7702,语言类,770204,商务韩语,7702,MAJOR,中华人民共和国教育部
MOE_VOCATIONAL_2021,VOCATIONAL_SECONDARY,77,教育与体育大类,7702,语言类,770205,商务俄语,7702,MAJOR,中华人民共和国教育部
MOE_VOCATIONAL_2021,VOCATIONAL_SECONDARY,77,教育与体育大类,7702,语言类,770206,商务法语,7702,MAJOR,中华人民共和国教育部
MOE_VOCATIONAL_2021,VOCATIONAL_SECONDARY,77,教育与体育大类,7702,语言类,770207,商务泰语,7702,MAJOR,中华人民共和国教育部
MOE_VOCATIONAL_2021,VOCATIONAL_SECONDARY,77,教育与体育大类,7702,语言类,770208,商务阿拉伯语,7702,MAJOR,中华人民共和国教育部
MOE_VOCATIONAL_2021,VOCATIONAL_SECONDARY,77,教育与体育大类,7702,语言类,770209,旅游外语,7702,MAJOR,中华人民共和国教育部
MOE_VOCATIONAL_2021,VOCATIONAL_SECONDARY,77,教育与体育大类,7703,体育类,7703,体育类,77,CLASS,中华人民共和国教育部
MOE_VOCATIONAL_2021,VOCATIONAL_SECONDARY,77,教育与体育大类,7703,体育类,770301,体育设施管理与经营,7703,MAJOR,中华人民共和国教育部
MOE_VOCATIONAL_2021,VOCATIONAL_SECONDARY,77,教育与体育大类,7703,体育类,770302,休闲体育服务与管理,7703,MAJOR,中华人民共和国教育部
MOE_VOCATIONAL_2021,VOCATIONAL_SECONDARY,77,教育与体育大类,7703,体育类,770303,运动训练,7703,MAJOR,中华人民共和国教育部
MOE_VOCATIONAL_2021,VOCATIONAL_SECONDARY,78,公安与司法大类,,,78,公安与司法大类,,CATEGORY,中华人民共和国教育部
MOE_VOCATIONAL_2021,VOCATIONAL_SECONDARY,78,公安与司法大类,7804,法律实务类,7804,法律实务类,78,CLASS,中华人民共和国教育部
MOE_VOCATIONAL_2021,VOCATIONAL_SECONDARY,78,公安与司法大类,7804,法律实务类,780401,法律事务,7804,MAJOR,中华人民共和国教育部
MOE_VOCATIONAL_2021,VOCATIONAL_SECONDARY,78,公安与司法大类,7807,安全防范类,7807,安全防范类,78,CLASS,中华人民共和国教育部
MOE_VOCATIONAL_2021,VOCATIONAL_SECONDARY,78,公安与司法大类,7807,安全防范类,780701,安全保卫服务,7807,MAJOR,中华人民共和国教育部
MOE_VOCATIONAL_2021,VOCATIONAL_SECONDARY,79,公共管理与服务大类,,,79,公共管理与服务大类,,CATEGORY,中华人民共和国教育部
MOE_VOCATIONAL_2021,VOCATIONAL_SECONDARY,79,公共管理与服务大类,7901,公共事业类,7901,公共事业类,79,CLASS,中华人民共和国教育部
MOE_VOCATIONAL_2021,VOCATIONAL_SECONDARY,79,公共管理与服务大类,7901,公共事业类,790101,社会工作事务,7901,MAJOR,中华人民共和国教育部
MOE_VOCATIONAL_2021,VOCATIONAL_SECONDARY,79,公共管理与服务大类,7901,公共事业类,790102,社区公共事务管理,7901,MAJOR,中华人民共和国教育部
MOE_VOCATIONAL_2021,VOCATIONAL_SECONDARY,79,公共管理与服务大类,7901,公共事业类,790103,社会福利事业管理,7901,MAJOR,中华人民共和国教育部
MOE_VOCATIONAL_2021,VOCATIONAL_SECONDARY,79,公共管理与服务大类,7902,公共管理类,7902,公共管理类,79,CLASS,中华人民共和国教育部
MOE_VOCATIONAL_2021,VOCATIONAL_SECONDARY,79,公共管理与服务大类,7902,公共管理类,790201,民政服务,7902,MAJOR,中华人民共和国教育部
MOE_VOCATIONAL_2021,VOCATIONAL_SECONDARY,79,公共管理与服务大类,7902,公共管理类,790202,人力资源管理事务,7902,MAJOR,中华人民共和国教育部
MOE_VOCATIONAL_2021,VOCATIONAL_SECONDARY,79,公共管理与服务大类,7902,公共管理类,790203,社会保障事务,7902,MAJOR,中华人民共和国教育部
MOE_VOCATIONAL_2021,VOCATIONAL_SECONDARY,79,公共管理与服务大类,7902,公共管理类,790204,工商行政管理事务,7902,MAJOR,中华人民共和国教育部
MOE_VOCATIONAL_2021,VOCATIONAL_SECONDARY,79,公共管理与服务大类,7902,公共管理类,790205,产品质量监督检验,7902,MAJOR,中华人民共和国教育部
MOE_VOCATIONAL_2021,VOCATIONAL_SECONDARY,79,公共管理与服务大类,7903,公共服务类,7903,公共服务类,79,CLASS,中华人民共和国教育部
MOE_VOCATIONAL_2021,VOCATIONAL_SECONDARY,79,公共管理与服务大类,7903,公共服务类,790301,现代家政服务与管理,7903,MAJOR,中华人民共和国教育部
MOE_VOCATIONAL_2021,VOCATIONAL_SECONDARY,79,公共管理与服务大类,7903,公共服务类,790302,智慧健康养老服务,7903,MAJOR,中华人民共和国教育部
MOE_VOCATIONAL_2021,VOCATIONAL_SECONDARY,79,公共管理与服务大类,7903,公共服务类,790303,老年人服务与管理,7903,MAJOR,中华人民共和国教育部
MOE_VOCATIONAL_2021,VOCATIONAL_SECONDARY,79,公共管理与服务大类,7903,公共服务类,790304,殡葬服务与管理,7903,MAJOR,中华人民共和国教育部
MOE_VOCATIONAL_2021,VOCATIONAL_SECONDARY,79,公共管理与服务大类,7903,公共服务类,790305,母婴照护,7903,MAJOR,中华人民共和国教育部
MOE_VOCATIONAL_2021,VOCATIONAL_SECONDARY,79,公共管理与服务大类,7904,文秘类,7904,文秘类,79,CLASS,中华人民共和国教育部
MOE_VOCATIONAL_2021,VOCATIONAL_SECONDARY,79,公共管理与服务大类,7904,文秘类,790401,文秘,7904,MAJOR,中华人民共和国教育部
MOE_VOCATIONAL_2021,VOCATIONAL_SECONDARY,79,公共管理与服务大类,7904,文秘类,790402,行政事务助理,7904,MAJOR,中华人民共和国教育部
MOE_VOCATIONAL_2021,VOCATIONAL_SECONDARY,79,公共管理与服务大类,7904,文秘类,790403,商务助理,7904,MAJOR,中华人民共和国教育部
MOE_VOCATIONAL_2021,VOCATIONAL_ASSOCIATE,41,农林牧渔大类,,,41,农林牧渔大类,,CATEGORY,中华人民共和国教育部
MOE_VOCATIONAL_2021,VOCATIONAL_ASSOCIATE,41,农林牧渔大类,4101,农业类,4101,农业类,41,CLASS,中华人民共和国教育部
MOE_VOCATIONAL_2021,VOCATIONAL_ASSOCIATE,41,农林牧渔大类,4101,农业类,410101,种子生产与经营,4101,MAJOR,中华人民共和国教育部
MOE_VOCATIONAL_2021,VOCATIONAL_ASSOCIATE,41,农林牧渔大类,4101,农业类,410102,作物生产与经营管理,4101,MAJOR,中华人民共和国教育部
MOE_VOCATIONAL_2021,VOCATIONAL_ASSOCIATE,41,农林牧渔大类,4101,农业类,410103,现代农业技术,4101,MAJOR,中华人民共和国教育部
MOE_VOCATIONAL_2021,VOCATIONAL_ASSOCIATE,41,农林牧渔大类,4101,农业类,410104,生态农业技术,4101,MAJOR,中华人民共和国教育部
MOE_VOCATIONAL_2021,VOCATIONAL_ASSOCIATE,41,农林牧渔大类,4101,农业类,410105,园艺技术,4101,MAJOR,中华人民共和国教育部
MOE_VOCATIONAL_2021,VOCATIONAL_ASSOCIATE,41,农林牧渔大类,4101,农业类,410106,植物保护与检疫技术,4101,MAJOR,中华人民共和国教育部
MOE_VOCATIONAL_2021,VOCATIONAL_ASSOCIATE,41,农林牧渔大类,4101,农业类,410107,茶叶生产与加工技术,4101,MAJOR,中华人民共和国教育部
MOE_VOCATIONAL_2021,VOCATIONAL_ASSOCIATE,41,农林牧渔大类,4101,农业类,410108,中草药栽培与加工技术,4101,MAJOR,中华人民共和国教育部
MOE_VOCATIONAL_2021,VOCATIONAL_ASSOCIATE,41,农林牧渔大类,4101,农业类,410109,烟草栽培与加工技术,4101,MAJOR,中华人民共和国教育部
MOE_VOCATIONAL_2021,VOCATIONAL_ASSOCIATE,41,农林牧渔大类,4101,农业类,410110,饲草生产技术,4101,MAJOR,中华人民共和国教育部
MOE_VOCATIONAL_2021,VOCATIONAL_ASSOCIATE,41,农林牧渔大类,4101,农业类,410111,食用菌生产与加工技术,4101,MAJOR,中华人民共和国教育部
MOE_VOCATIONAL_2021,VOCATIONAL_ASSOCIATE,41,农林牧渔大类,4101,农业类,410112,设施农业与装备,4101,MAJOR,中华人民共和国教育部
MOE_VOCATIONAL_2021,VOCATIONAL_ASSOCIATE,41,农林牧渔大类,4101,农业类,410113,现代农业装备应用技术,4101,MAJOR,中华人民共和国教育部
MOE_VOCATIONAL_2021,VOCATIONAL_ASSOCIATE,41,农林牧渔大类,4101,农业类,410114,农产品加工与质量检测,4101,MAJOR,中华人民共和国教育部
MOE_VOCATIONAL_2021,VOCATIONAL_ASSOCIATE,41,农林牧渔大类,4101,农业类,410115,绿色食品生产技术,4101,MAJOR,中华人民共和国教育部
MOE_VOCATIONAL_2021,VOCATIONAL_ASSOCIATE,41,农林牧渔大类,4101,农业类,410116,农产品流通与管理,4101,MAJOR,中华人民共和国教育部
MOE_VOCATIONAL_2021,VOCATIONAL_ASSOCIATE,41,农林牧渔大类,4101,农业类,410117,棉花加工与经营管理,4101,MAJOR,中华人民共和国教育部
MOE_VOCATIONAL_2021,VOCATIONAL_ASSOCIATE,41,农林牧渔大类,4101,农业类,410118,休闲农业经营与管理,4101,MAJOR,中华人民共和国教育部
MOE_VOCATIONAL_2021,VOCATIONAL_ASSOCIATE,41,农林牧渔大类,4101,农业类,410119,现代农业经济管理,4101,MAJOR,中华人民共和国教育部
MOE_VOCATIONAL_2021,VOCATIONAL_ASSOCIATE,41,农林牧渔大类,4101,农业类,410120,农村新型经济组织管理,4101,MAJOR,中华人民共和国教育部
MOE_VOCATIONAL_2021,VOCATIONAL_ASSOCIATE,41,农林牧渔大类,4102,林业类,4102,林业类,41,CLASS,中华人民共和国教育部
MOE_VOCATIONAL_2021,VOCATIONAL_ASSOCIATE,41,农林牧渔大类,4102,林业类,410201,林业技术,4102,MAJOR,中华人民共和国教育部
MOE_VOCATIONAL_2021,VOCATIONAL_ASSOCIATE,41,农林牧渔大类,4102,林业类,410202,园林技术,4102,MAJOR,中华人民共和国教育部
MOE_VOCATIONAL_2021,VOCATIONAL_ASSOCIATE,41,农林牧渔大类,4102,林业类,410203,草业技术,4102,MAJOR,中华人民共和国教育部
MOE_VOCATIONAL_2021,VOCATIONAL_ASSOCIATE,41,农林牧渔大类,4102,林业类,410204,花卉生产与花艺,4102,MAJOR,中华人民共和国教育部
MOE_VOCATIONAL_2021,VOCATIONAL_ASSOCIATE,41,农林牧渔大类,4102,林业类,410205,经济林培育与利用,4102,MAJOR,中华人民共和国教育部
MOE_VOCATIONAL_2021,VOCATIONAL_ASSOCIATE,41,农林牧渔大类,4102,林业类,410206,森林和草原资源保护,4102,MAJOR,中华人民共和国教育部
MOE_VOCATIONAL_2021,VOCATIONAL_ASSOCIATE,41,农林牧渔大类,4102,林业类,410207,林草生态保护与修复,4102,MAJOR,中华人民共和国教育部
MOE_VOCATIONAL_2021,VOCATIONAL_ASSOCIATE,41,农林牧渔大类,4102,林业类,410208,野生动植物资源保护与利用,4102,MAJOR,中华人民共和国教育部
MOE_VOCATIONAL_2021,VOCATIONAL_ASSOCIATE,41,农林牧渔大类,4102,林业类,410209,自然保护地建设与管理,4102,MAJOR,中华人民共和国教育部
MOE_VOCATIONAL_2021,VOCATIONAL_ASSOCIATE,41,农林牧渔大类,4102,林业类,410210,森林生态旅游与康养,4102,MAJOR,中华人民共和国教育部
MOE_VOCATIONAL_2021,VOCATIONAL_ASSOCIATE,41,农林牧渔大类,4102,林业类,410211,林业信息技术应用,4102,MAJOR,中华人民共和国教育部
MOE_VOCATIONAL_2021,VOCATIONAL_ASSOCIATE,41,农林牧渔大类,4102,林业类,410212,木业智能装备应用技术,4102,MAJOR,中华人民共和国教育部
MOE_VOCATIONAL_2021,VOCATIONAL_ASSOCIATE,41,农林牧渔大类,4102,林业类,410213,木业产品设计与制造,4102,MAJOR,中华人民共和国教育部
MOE_VOCATIONAL_2021,VOCATIONAL_ASSOCIATE,41,农林牧渔大类,4103,畜牧业类,4103,畜牧业类,41,CLASS,中华人民共和国教育部
MOE_VOCATIONAL_2021,VOCATIONAL_ASSOCIATE,41,农林牧渔大类,4103,畜牧业类,410301,动物医学,4103,MAJOR,中华人民共和国教育部
MOE_VOCATIONAL_2021,VOCATIONAL_ASSOCIATE,41,农林牧渔大类,4103,畜牧业类,410302,动物药学,4103,MAJOR,中华人民共和国教育部
MOE_VOCATIONAL_2021,VOCATIONAL_ASSOCIATE,41,农林牧渔大类,4103,畜牧业类,410303,畜牧兽医,4103,MAJOR,中华人民共和国教育部
MOE_VOCATIONAL_2021,VOCATIONAL_ASSOCIATE,41,农林牧渔大类,4103,畜牧业类,410304,中兽医,4103,MAJOR,中华人民共和国教育部
MOE_VOCATIONAL_2021,VOCATIONAL_ASSOCIATE,41,农林牧渔大类,4103,畜牧业类,410305,宠物医疗技术,4103,MAJOR,中华人民共和国教育部
MOE_VOCATIONAL_2021,VOCATIONAL_ASSOCIATE,41,农林牧渔大类,4103,畜牧业类,410306,动物防疫与检疫,4103,MAJOR,中华人民共和国教育部
MOE_VOCATIONAL_2021,VOCATIONAL_ASSOCIATE,41,农林牧渔大类,4103,畜牧业类,410307,畜禽智能化养殖,4103,MAJOR,中华人民共和国教育部
MOE_VOCATIONAL_2021,VOCATIONAL_ASSOCIATE,41,农林牧渔大类,4103,畜牧业类,410308,特种动物养殖技术,4103,MAJOR,中华人民共和国教育部
MOE_VOCATIONAL_2021,VOCATIONAL_ASSOCIATE,41,农林牧渔大类,4103,畜牧业类,410309,宠物养护与驯导,4103,MAJOR,中华人民共和国教育部
MOE_VOCATIONAL_2021,VOCATIONAL_ASSOCIATE,41,农林牧渔大类,4103,畜牧业类,410310,动物营养与饲料,4103,MAJOR,中华人民共和国教育部
MOE_VOCATIONAL_2021,VOCATIONAL_ASSOCIATE,41,农林牧渔大类,4103,畜牧业类,410311,蚕桑技术,4103,MAJOR,中华人民共和国教育部
MOE_VOCATIONAL_2021,VOCATIONAL_ASSOCIATE,41,农林牧渔大类,4104,渔业类,4104,渔业类,41,CLASS,中华人民共和国教育部
MOE_VOCATIONAL_2021,VOCATIONAL_ASSOCIATE,41,农林牧渔大类,4104,渔业类,410401,水产养殖技术,4104,MAJOR,中华人民共和国教育部
MOE_VOCATIONAL_2021,VOCATIONAL_ASSOCIATE,41,农林牧渔大类,4104,渔业类,410402,海洋渔业技术,4104,MAJOR,中华人民共和国教育部
MOE_VOCATIONAL_2021,VOCATIONAL_ASSOCIATE,41,农林牧渔大类,4104,渔业类,410403,水族科学与技术,4104,MAJOR,中华人民共和国教育部
MOE_VOCATIONAL_2021,VOCATIONAL_ASSOCIATE,41,农林牧渔大类,4104,渔业类,410404,水生动物医学,4104,MAJOR,中华人民共和国教育部
MOE_VOCATIONAL_2021,VOCATIONAL_ASSOCIATE,42,资源环境与安全大类,,,42,资源环境与安全大类,,CATEGORY,中华人民共和国教育部
MOE_VOCATIONAL_2021,VOCATIONAL_ASSOCIATE,42,资源环境与安全大类,4201,资源勘查类,4201,资源勘查类,42,CLASS,中华人民共和国教育部
MOE_VOCATIONAL_2021,VOCATIONAL_ASSOCIATE,42,资源环境与安全大类,4201,资源勘查类,420101,国土资源调查与管理,4201,MAJOR,中华人民共和国教育部
MOE_VOCATIONAL_2021,VOCATIONAL_ASSOCIATE,42,资源环境与安全大类,4201,资源勘查类,420102,地质调查与矿产普查,4201,MAJOR,中华人民共和国教育部
MOE_VOCATIONAL_2021,VOCATIONAL_ASSOCIATE,42,资源环境与安全大类,4201,资源勘查类,420103,生态地质调查,4201,MAJOR,中华人民共和国教育部
MOE_VOCATIONAL_2021,VOCATIONAL_ASSOCIATE,42,资源环境与安全大类,4201,资源勘查类,420104,矿产地质勘查,4201,MAJOR,中华人民共和国教育部
MOE_VOCATIONAL_2021,VOCATIONAL_ASSOCIATE,42,资源环境与安全大类,4201,资源勘查类,420105,煤田地质勘查,4201,MAJOR,中华人民共和国教育部
MOE_VOCATIONAL_2021,VOCATIONAL_ASSOCIATE,42,资源环境与安全大类,4201,资源勘查类,420106,岩矿分析与鉴定,4201,MAJOR,中华人民共和国教育部
MOE_VOCATIONAL_2021,VOCATIONAL_ASSOCIATE,42,资源环境与安全大类,4201,资源勘查类,420107,宝玉石鉴定与加工,4201,MAJOR,中华人民共和国教育部
MOE_VOCATIONAL_2021,VOCATIONAL_ASSOCIATE,42,资源环境与安全大类,4202,地质类,4202,地质类,42,CLASS,中华人民共和国教育部
MOE_VOCATIONAL_2021,VOCATIONAL_ASSOCIATE,42,资源环境与安全大类,4202,地质类,420201,工程地质勘查,4202,MAJOR,中华人民共和国教育部
MOE_VOCATIONAL_2021,VOCATIONAL_ASSOCIATE,42,资源环境与安全大类,4202,地质类,420202,水文与工程地质,4202,MAJOR,中华人民共和国教育部
MOE_VOCATIONAL_2021,VOCATIONAL_ASSOCIATE,42,资源环境与安全大类,4202,地质类,420203,矿山地质,4202,MAJOR,中华人民共和国教育部
MOE_VOCATIONAL_2021,VOCATIONAL_ASSOCIATE,42,资源环境与安全大类,4202,地质类,420204,钻探工程技术,4202,MAJOR,中华人民共和国教育部
MOE_VOCATIONAL_2021,VOCATIONAL_ASSOCIATE,42,资源环境与安全大类,4202,地质类,420205,岩土工程技术,4202,MAJOR,中华人民共和国教育部
MOE_VOCATIONAL_2021,VOCATIONAL_ASSOCIATE,42,资源环境与安全大类,4202,地质类,420206,地球物理勘探技术,4202,MAJOR,中华人民共和国教育部
MOE_VOCATIONAL_2021,VOCATIONAL_ASSOCIATE,42,资源环境与安全大类,4202,地质类,420207,地质灾害调查与防治,4202,MAJOR,中华人民共和国教育部
MOE_VOCATIONAL_2021,VOCATIONAL_ASSOCIATE,42,资源环境与安全大类,4202,地质类,420208,环境地质工程,4202,MAJOR,中华人民共和国教育部
MOE_VOCATIONAL_2021,VOCATIONAL_ASSOCIATE,42,资源环境与安全大类,4202,地质类,420209,城市地质勘查,4202,MAJOR,中华人民共和国教育部
MOE_VOCATIONAL_2021,VOCATIONAL_ASSOCIATE,42,资源环境与安全大类,4203,测绘地理信息类,4203,测绘地理信息类,42,CLASS,中华人民共和国教育部
MOE_VOCATIONAL_2021,VOCATIONAL_ASSOCIATE,42,资源环境与安全大类,4203,测绘地理信息类,420301,工程测量技术,4203,MAJOR,中华人民共和国教育部
MOE_VOCATIONAL_2021,VOCATIONAL_ASSOCIATE,42,资源环境与安全大类,4203,测绘地理信息类,420302,测绘工程技术,4203,MAJOR,中华人民共和国教育部
MOE_VOCATIONAL_2021,VOCATIONAL_ASSOCIATE,42,资源环境与安全大类,4203,测绘地理信息类,420303,测绘地理信息技术,4203,MAJOR,中华人民共和国教育部
MOE_VOCATIONAL_2021,VOCATIONAL_ASSOCIATE,42,资源环境与安全大类,4203,测绘地理信息类,420304,摄影测量与遥感技术,4203,MAJOR,中华人民共和国教育部
MOE_VOCATIONAL_2021,VOCATIONAL_ASSOCIATE,42,资源环境与安全大类,4203,测绘地理信息类,420305,地籍测绘与土地管理,4203,MAJOR,中华人民共和国教育部
MOE_VOCATIONAL_2021,VOCATIONAL_ASSOCIATE,42,资源环境与安全大类,4203,测绘地理信息类,420306,国土空间规划与测绘,4203,MAJOR,中华人民共和国教育部
MOE_VOCATIONAL_2021,VOCATIONAL_ASSOCIATE,42,资源环境与安全大类,4203,测绘地理信息类,420307,无人机测绘技术,4203,MAJOR,中华人民共和国教育部
MOE_VOCATIONAL_2021,VOCATIONAL_ASSOCIATE,42,资源环境与安全大类,4203,测绘地理信息类,420308,矿山测量,4203,MAJOR,中华人民共和国教育部
MOE_VOCATIONAL_2021,VOCATIONAL_ASSOCIATE,42,资源环境与安全大类,4203,测绘地理信息类,420309,导航与位置服务,4203,MAJOR,中华人民共和国教育部
MOE_VOCATIONAL_2021,VOCATIONAL_ASSOCIATE,42,资源环境与安全大类,4203,测绘地理信息类,420310,空间数字建模与应用技术,4203,MAJOR,中华人民共和国教育部
MOE_VOCATIONAL_2021,VOCATIONAL_ASSOCIATE,42,资源环境与安全大类,4204,石油与天然气类,4204,石油与天然气类,42,CLASS,中华人民共和国教育部
MOE_VOCATIONAL_2021,VOCATIONAL_ASSOCIATE,42,资源环境与安全大类,4204,石油与天然气类,420401,油气储运技术,4204,MAJOR,中华人民共和国教育部
MOE_VOCATIONAL_2021,VOCATIONAL_ASSOCIATE,42,资源环境与安全大类,4204,石油与天然气类,420402,油气地质勘探技术,4204,MAJOR,中华人民共和国教育部
MOE_VOCATIONAL_2021,VOCATIONAL_ASSOCIATE,42,资源环境与安全大类,4204,石油与天然气类,420403,钻井技术,4204,MAJOR,中华人民共和国教育部
MOE_VOCATIONAL_2021,VOCATIONAL_ASSOCIATE,42,资源环境与安全大类,4204,石油与天然气类,420404,油气智能开采技术,4204,MAJOR,中华人民共和国教育部
MOE_VOCATIONAL_2021,VOCATIONAL_ASSOCIATE,42,资源环境与安全大类,4204,石油与天然气类,420405,油田化学应用技术,4204,MAJOR,中华人民共和国教育部
MOE_VOCATIONAL_2021,VOCATIONAL_ASSOCIATE,42,资源环境与安全大类,4204,石油与天然气类,420406,石油工程技术,4204,MAJOR,中华人民共和国教育部
MOE_VOCATIONAL_2021,VOCATIONAL_ASSOCIATE,42,资源环境与安全大类,4205,煤炭类,4205,煤炭类,42,CLASS,中华人民共和国教育部
MOE_VOCATIONAL_2021,VOCATIONAL_ASSOCIATE,42,资源环境与安全大类,4205,煤炭类,420501,煤矿智能开采技术,4205,MAJOR,中华人民共和国教育部
MOE_VOCATIONAL_2021,VOCATIONAL_ASSOCIATE,42,资源环境与安全大类,4205,煤炭类,420502,矿井建设工程技术,4205,MAJOR,中华人民共和国教育部
MOE_VOCATIONAL_2021,VOCATIONAL_ASSOCIATE,42,资源环境与安全大类,4205,煤炭类,420503,通风技术与安全管理,4205,MAJOR,中华人民共和国教育部
MOE_VOCATIONAL_2021,VOCATIONAL_ASSOCIATE,42,资源环境与安全大类,4205,煤炭类,420504,矿山机电与智能装备,4205,MAJOR,中华人民共和国教育部
MOE_VOCATIONAL_2021,VOCATIONAL_ASSOCIATE,42,资源环境与安全大类,4205,煤炭类,420505,煤炭清洁利用技术,4205,MAJOR,中华人民共和国教育部
MOE_VOCATIONAL_2021,VOCATIONAL_ASSOCIATE,42,资源环境与安全大类,4205,煤炭类,420506,煤层气采输技术,4205,MAJOR,中华人民共和国教育部
MOE_VOCATIONAL_2021,VOCATIONAL_ASSOCIATE,42,资源环境与安全大类,4206,金属与非金属矿类,4206,金属与非金属矿类,42,CLASS,中华人民共和国教育部
MOE_VOCATIONAL_2021,VOCATIONAL_ASSOCIATE,42,资源环境与安全大类,4206,金属与非金属矿类,420601,矿山智能开采技术,4206,MAJOR,中华人民共和国教育部
MOE_VOCATIONAL_2021,VOCATIONAL_ASSOCIATE,42,资源环境与安全大类,4206,金属与非金属矿类,420602,矿物加工技术,4206,MAJOR,中华人民共和国教育部
MOE_VOCATIONAL_2021,VOCATIONAL_ASSOCIATE,42,资源环境与安全大类,4207,气象类,4207,气象类,42,CLASS,中华人民共和国教育部
MOE_VOCATIONAL_2021,VOCATIONAL_ASSOCIATE,42,资源环境与安全大类,4207,气象类,420701,大气科学技术,4207,MAJOR,中华人民共和国教育部
MOE_VOCATIONAL_2021,VOCATIONAL_ASSOCIATE,42,资源环境与安全大类,4207,气象类,420702,大气探测技术,4207,MAJOR,中华人民共和国教育部
MOE_VOCATIONAL_2021,VOCATIONAL_ASSOCIATE,42,资源环境与安全大类,4207,气象类,420703,应用气象技术,4207,MAJOR,中华人民共和国教育部
MOE_VOCATIONAL_2021,VOCATIONAL_ASSOCIATE,42,资源环境与安全大类,4207,气象类,420704,雷电防护技术,4207,MAJOR,中华人民共和国教育部
MOE_VOCATIONAL_2021,VOCATIONAL_ASSOCIATE,42,资源环境与安全大类,4208,环境保护类,4208,环境保护类,42,CLASS,中华人民共和国教育部
MOE_VOCATIONAL_2021,VOCATIONAL_ASSOCIATE,42,资源环境与安全大类,4208,环境保护类,420801,环境监测技术,4208,MAJOR,中华人民共和国教育部
MOE_VOCATIONAL_2021,VOCATIONAL_ASSOCIATE,42,资源环境与安全大类,4208,环境保护类,420802,环境工程技术,4208,MAJOR,中华人民共和国教育部
MOE_VOCATIONAL_2021,VOCATIONAL_ASSOCIATE,42,资源环境与安全大类,4208,环境保护类,420803,生态保护技术,4208,MAJOR,中华人民共和国教育部
MOE_VOCATIONAL_2021,VOCATIONAL_ASSOCIATE,42,资源环境与安全大类,4208,环境保护类,420804,生态环境大数据技术,4208,MAJOR,中华人民共和国教育部
MOE_VOCATIONAL_2021,VOCATIONAL_ASSOCIATE,42,资源环境与安全大类,4208,环境保护类,420805,环境管理与评价,4208,MAJOR,中华人民共和国教育部
MOE_VOCATIONAL_2021,VOCATIONAL_ASSOCIATE,42,资源环境与安全大类,4208,环境保护类,420806,生态环境修复技术,4208,MAJOR,中华人民共和国教育部
MOE_VOCATIONAL_2021,VOCATIONAL_ASSOCIATE,42,资源环境与安全大类,4208,环境保护类,420807,绿色低碳技术,4208,MAJOR,中华人民共和国教育部
MOE_VOCATIONAL_2021,VOCATIONAL_ASSOCIATE,42,资源环境与安全大类,4208,环境保护类,420808,资源综合利用技术,4208,MAJOR,中华人民共和国教育部
MOE_VOCATIONAL_2021,VOCATIONAL_ASSOCIATE,42,资源环境与安全大类,4208,环境保护类,420809,水净化与安全技术,4208,MAJOR,中华人民共和国教育部
MOE_VOCATIONAL_2021,VOCATIONAL_ASSOCIATE,42,资源环境与安全大类,4208,环境保护类,420810,核与辐射检测防护技术,4208,MAJOR,中华人民共和国教育部
MOE_VOCATIONAL_2021,VOCATIONAL_ASSOCIATE,42,资源环境与安全大类,4208,环境保护类,420811,智能环保装备技术,4208,MAJOR,中华人民共和国教育部
MOE_VOCATIONAL_2021,VOCATIONAL_ASSOCIATE,42,资源环境与安全大类,4209,安全类,4209,安全类,42,CLASS,中华人民共和国教育部
MOE_VOCATIONAL_2021,VOCATIONAL_ASSOCIATE,42,资源环境与安全大类,4209,安全类,420901,安全技术与管理,4209,MAJOR,中华人民共和国教育部
MOE_VOCATIONAL_2021,VOCATIONAL_ASSOCIATE,42,资源环境与安全大类,4209,安全类,420902,化工安全技术,4209,MAJOR,中华人民共和国教育部
MOE_VOCATIONAL_2021,VOCATIONAL_ASSOCIATE,42,资源环境与安全大类,4209,安全类,420903,工程安全评价与监理,4209,MAJOR,中华人民共和国教育部
MOE_VOCATIONAL_2021,VOCATIONAL_ASSOCIATE,42,资源环境与安全大类,4209,安全类,420904,安全智能监测技术,4209,MAJOR,中华人民共和国教育部
MOE_VOCATIONAL_2021,VOCATIONAL_ASSOCIATE,42,资源环境与安全大类,4209,安全类,420905,应急救援技术,4209,MAJOR,中华人民共和国教育部
MOE_VOCATIONAL_2021,VOCATIONAL_ASSOCIATE,42,资源环境与安全大类,4209,安全类,420906,消防救援技术,4209,MAJOR,中华人民共和国教育部
MOE_VOCATIONAL_2021,VOCATIONAL_ASSOCIATE,42,资源环境与安全大类,4209,安全类,420907,森林草原防火技术,4209,MAJOR,中华人民共和国教育部
MOE_VOCATIONAL_2021,VOCATIONAL_ASSOCIATE,42,资源环境与安全大类,4209,安全类,420908,职业健康安全技术,4209,MAJOR,中华人民共和国教育部
MOE_VOCATIONAL_2021,VOCATIONAL_ASSOCIATE,43,能源动力与材料大类,,,43,能源动力与材料大类,,CATEGORY,中华人民共和国教育部
MOE_VOCATIONAL_2021,VOCATIONAL_ASSOCIATE,43,能源动力与材料大类,4301,电力技术类,4301,电力技术类,43,CLASS,中华人民共和国教育部
MOE_VOCATIONAL_2021,VOCATIONAL_ASSOCIATE,43,能源动力与材料大类,4301,电力技术类,430101,发电厂及电力系统,4301,MAJOR,中华人民共和国教育部
MOE_VOCATIONAL_2021,VOCATIONAL_ASSOCIATE,43,能源动力与材料大类,4301,电力技术类,430102,水电站机电设备与自动化,4301,MAJOR,中华人民共和国教育部
MOE_VOCATIONAL_2021,VOCATIONAL_ASSOCIATE,43,能源动力与材料大类,4301,电力技术类,430103,水电站与电力网技术,4301,MAJOR,中华人民共和国教育部
MOE_VOCATIONAL_2021,VOCATIONAL_ASSOCIATE,43,能源动力与材料大类,4301,电力技术类,430104,分布式发电与智能微电网技术,4301,MAJOR,中华人民共和国教育部
MOE_VOCATIONAL_2021,VOCATIONAL_ASSOCIATE,43,能源动力与材料大类,4301,电力技术类,430105,电力系统自动化技术,4301,MAJOR,中华人民共和国教育部
MOE_VOCATIONAL_2021,VOCATIONAL_ASSOCIATE,43,能源动力与材料大类,4301,电力技术类,430106,电力系统继电保护技术,4301,MAJOR,中华人民共和国教育部
MOE_VOCATIONAL_2021,VOCATIONAL_ASSOCIATE,43,能源动力与材料大类,4301,电力技术类,430107,输配电工程技术,4301,MAJOR,中华人民共和国教育部
MOE_VOCATIONAL_2021,VOCATIONAL_ASSOCIATE,43,能源动力与材料大类,4301,电力技术类,430108,供用电技术,4301,MAJOR,中华人民共和国教育部
MOE_VOCATIONAL_2021,VOCATIONAL_ASSOCIATE,43,能源动力与材料大类,4301,电力技术类,430109,农业电气化技术,4301,MAJOR,中华人民共和国教育部
MOE_VOCATIONAL_2021,VOCATIONAL_ASSOCIATE,43,能源动力与材料大类,4301,电力技术类,430110,机场电工技术,4301,MAJOR,中华人民共和国教育部
MOE_VOCATIONAL_2021,VOCATIONAL_ASSOCIATE,43,能源动力与材料大类,4301,电力技术类,430111,电力客户服务与管理,4301,MAJOR,中华人民共和国教育部
MOE_VOCATIONAL_2021,VOCATIONAL_ASSOCIATE,43,能源动力与材料大类,4302,热能与发电工程类,4302,热能与发电工程类,43,CLASS,中华人民共和国教育部
MOE_VOCATIONAL_2021,VOCATIONAL_ASSOCIATE,43,能源动力与材料大类,4302,热能与发电工程类,430201,热能动力工程技术,4302,MAJOR,中华人民共和国教育部
MOE_VOCATIONAL_2021,VOCATIONAL_ASSOCIATE,43,能源动力与材料大类,4302,热能与发电工程类,430202,城市热能应用技术,4302,MAJOR,中华人民共和国教育部
MOE_VOCATIONAL_2021,VOCATIONAL_ASSOCIATE,43,能源动力与材料大类,4302,热能与发电工程类,430203,地热开发技术,4302,MAJOR,中华人民共和国教育部
MOE_VOCATIONAL_2021,VOCATIONAL_ASSOCIATE,43,能源动力与材料大类,4302,热能与发电工程类,430204,太阳能光热技术与应用,4302,MAJOR,中华人民共和国教育部
MOE_VOCATIONAL_2021,VOCATIONAL_ASSOCIATE,43,能源动力与材料大类,4302,热能与发电工程类,430205,发电运行技术,4302,MAJOR,中华人民共和国教育部
MOE_VOCATIONAL_2021,VOCATIONAL_ASSOCIATE,43,能源动力与材料大类,4302,热能与发电工程类,430206,热工自动化技术,4302,MAJOR,中华人民共和国教育部
MOE_VOCATIONAL_2021,VOCATIONAL_ASSOCIATE,43,能源动力与材料大类,4302,热能与发电工程类,430207,核电站动力设备运行与维护,4302,MAJOR,中华人民共和国教育部
MOE_VOCATIONAL_2021,VOCATIONAL_ASSOCIATE,43,能源动力与材料大类,4302,热能与发电工程类,430208,电厂化学与环保技术,4302,MAJOR,中华人民共和国教育部
MOE_VOCATIONAL_2021,VOCATIONAL_ASSOCIATE,43,能源动力与材料大类,4303,新能源发电工程类,4303,新能源发电工程类,43,CLASS,中华人民共和国教育部
MOE_VOCATIONAL_2021,VOCATIONAL_ASSOCIATE,43,能源动力与材料大类,4303,新能源发电工程类,430301,光伏工程技术,4303,MAJOR,中华人民共和国教育部
MOE_VOCATIONAL_2021,VOCATIONAL_ASSOCIATE,43,能源动力与材料大类,4303,新能源发电工程类,430302,风力发电工程技术,4303,MAJOR,中华人民共和国教育部
MOE_VOCATIONAL_2021,VOCATIONAL_ASSOCIATE,43,能源动力与材料大类,4303,新能源发电工程类,430303,生物质能应用技术,4303,MAJOR,中华人民共和国教育部
MOE_VOCATIONAL_2021,VOCATIONAL_ASSOCIATE,43,能源动力与材料大类,4303,新能源发电工程类,430304,氢能技术应用,4303,MAJOR,中华人民共和国教育部
MOE_VOCATIONAL_2021,VOCATIONAL_ASSOCIATE,43,能源动力与材料大类,4303,新能源发电工程类,430305,工业节能技术,4303,MAJOR,中华人民共和国教育部
MOE_VOCATIONAL_2021,VOCATIONAL_ASSOCIATE,43,能源动力与材料大类,4303,新能源发电工程类,430306,节电技术与管理,4303,MAJOR,中华人民共和国教育部
MOE_VOCATIONAL_2021,VOCATIONAL_ASSOCIATE,43,能源动力与材料大类,4303,新能源发电工程类,430307,新能源材料应用技术,4303,MAJOR,中华人民共和国教育部
MOE_VOCATIONAL_2021,VOCATIONAL_ASSOCIATE,43,能源动力与材料大类,4304,黑色金属材料类,4304,黑色金属材料类,43,CLASS,中华人民共和国教育部
MOE_VOCATIONAL_2021,VOCATIONAL_ASSOCIATE,43,能源动力与材料大类,4304,黑色金属材料类,430401,钢铁智能冶金技术,4304,MAJOR,中华人民共和国教育部
MOE_VOCATIONAL_2021,VOCATIONAL_ASSOCIATE,43,能源动力与材料大类,4304,黑色金属材料类,430402,智能轧钢技术,4304,MAJOR,中华人民共和国教育部
MOE_VOCATIONAL_2021,VOCATIONAL_ASSOCIATE,43,能源动力与材料大类,4304,黑色金属材料类,430403,钢铁冶金设备维护,4304,MAJOR,中华人民共和国教育部
MOE_VOCATIONAL_2021,VOCATIONAL_ASSOCIATE,43,能源动力与材料大类,4304,黑色金属材料类,430404,金属材料检测技术,4304,MAJOR,中华人民共和国教育部
MOE_VOCATIONAL_2021,VOCATIONAL_ASSOCIATE,43,能源动力与材料大类,4305,有色金属材料类,4305,有色金属材料类,43,CLASS,中华人民共和国教育部
MOE_VOCATIONAL_2021,VOCATIONAL_ASSOCIATE,43,能源动力与材料大类,4305,有色金属材料类,430501,有色金属智能冶金技术,4305,MAJOR,中华人民共和国教育部
MOE_VOCATIONAL_2021,VOCATIONAL_ASSOCIATE,43,能源动力与材料大类,4305,有色金属材料类,430502,金属智能加工技术,4305,MAJOR,中华人民共和国教育部
MOE_VOCATIONAL_2021,VOCATIONAL_ASSOCIATE,43,能源动力与材料大类,4305,有色金属材料类,430503,金属精密成型技术,4305,MAJOR,中华人民共和国教育部
MOE_VOCATIONAL_2021,VOCATIONAL_ASSOCIATE,43,能源动力与材料大类,4305,有色金属材料类,430504,储能材料技术,4305,MAJOR,中华人民共和国教育部
MOE_VOCATIONAL_2021,VOCATIONAL_ASSOCIATE,43,能源动力与材料大类,4305,有色金属材料类,430505,稀土材料技术,4305,MAJOR,中华人民共和国教育部
MOE_VOCATIONAL_2021,VOCATIONAL_ASSOCIATE,43,能源动力与材料大类,4306,非金属材料类,4306,非金属材料类,43,CLASS,中华人民共和国教育部
MOE_VOCATIONAL_2021,VOCATIONAL_ASSOCIATE,43,能源动力与材料大类,4306,非金属材料类,430601,材料工程技术,4306,MAJOR,中华人民共和国教育部
MOE_VOCATIONAL_2021,VOCATIONAL_ASSOCIATE,43,能源动力与材料大类,4306,非金属材料类,430602,高分子材料智能制造技术,4306,MAJOR,中华人民共和国教育部
MOE_VOCATIONAL_2021,VOCATIONAL_ASSOCIATE,43,能源动力与材料大类,4306,非金属材料类,430603,复合材料智能制造技术,4306,MAJOR,中华人民共和国教育部
MOE_VOCATIONAL_2021,VOCATIONAL_ASSOCIATE,43,能源动力与材料大类,4306,非金属材料类,430604,航空复合材料成型与加工技术,4306,MAJOR,中华人民共和国教育部
MOE_VOCATIONAL_2021,VOCATIONAL_ASSOCIATE,43,能源动力与材料大类,4306,非金属材料类,430605,非金属矿物材料技术,4306,MAJOR,中华人民共和国教育部
MOE_VOCATIONAL_2021,VOCATIONAL_ASSOCIATE,43,能源动力与材料大类,4306,非金属材料类,430606,光伏材料制备技术,4306,MAJOR,中华人民共和国教育部
MOE_VOCATIONAL_2021,VOCATIONAL_ASSOCIATE,43,能源动力与材料大类,4306,非金属材料类,430607,硅材料制备技术,4306,MAJOR,中华人民共和国教育部
MOE_VOCATIONAL_2021,VOCATIONAL_ASSOCIATE,43,能源动力与材料大类,4306,非金属材料类,430608,炭材料工程技术,4306,MAJOR,中华人民共和国教育部
MOE_VOCATIONAL_2021,VOCATIONAL_ASSOCIATE,43,能源动力与材料大类,4306,非金属材料类,430609,橡胶智能制造技术,4306,MAJOR,中华人民共和国教育部
MOE_VOCATIONAL_2021,VOCATIONAL_ASSOCIATE,43,能源动力与材料大类,4307,建筑材料类,4307,建筑材料类,43,CLASS,中华人民共和国教育部
MOE_VOCATIONAL_2021,VOCATIONAL_ASSOCIATE,43,能源动力与材料大类,4307,建筑材料类,430701,建筑材料工程技术,4307,MAJOR,中华人民共和国教育部
MOE_VOCATIONAL_2021,VOCATIONAL_ASSOCIATE,43,能源动力与材料大类,4307,建筑材料类,430702,新型建筑材料技术,4307,MAJOR,中华人民共和国教育部
MOE_VOCATIONAL_2021,VOCATIONAL_ASSOCIATE,43,能源动力与材料大类,4307,建筑材料类,430703,建筑装饰材料技术,4307,MAJOR,中华人民共和国教育部
MOE_VOCATIONAL_2021,VOCATIONAL_ASSOCIATE,43,能源动力与材料大类,4307,建筑材料类,430704,建筑材料检测技术,4307,MAJOR,中华人民共和国教育部
MOE_VOCATIONAL_2021,VOCATIONAL_ASSOCIATE,43,能源动力与材料大类,4307,建筑材料类,430705,装配式建筑构件智能制造技术,4307,MAJOR,中华人民共和国教育部
MOE_VOCATIONAL_2021,VOCATIONAL_ASSOCIATE,44,土木建筑大类,,,44,土木建筑大类,,CATEGORY,中华人民共和国教育部
MOE_VOCATIONAL_2021,VOCATIONAL_ASSOCIATE,44,土木建筑大类,4401,建筑设计类,4401,建筑设计类,44,CLASS,中华人民共和国教育部
MOE_VOCATIONAL_2021,VOCATIONAL_ASSOCIATE,44,土木建筑大类,4401,建筑设计类,440101,建筑设计,4401,MAJOR,中华人民共和国教育部
MOE_VOCATIONAL_2021,VOCATIONAL_ASSOCIATE,44,土木建筑大类,4401,建筑设计类,440102,建筑装饰工程技术,4401,MAJOR,中华人民共和国教育部
MOE_VOCATIONAL_2021,VOCATIONAL_ASSOCIATE,44,土木建筑大类,4401,建筑设计类,440103,古建筑工程技术,4401,MAJOR,中华人民共和国教育部
MOE_VOCATIONAL_2021,VOCATIONAL_ASSOCIATE,44,土木建筑大类,4401,建筑设计类,440104,园林工程技术,4401,MAJOR,中华人民共和国教育部
MOE_VOCATIONAL_2021,VOCATIONAL_ASSOCIATE,44,土木建筑大类,4401,建筑设计类,440105,风景园林设计,4401,MAJOR,中华人民共和国教育部
MOE_VOCATIONAL_2021,VOCATIONAL_ASSOCIATE,44,土木建筑大类,4401,建筑设计类,440106,建筑室内设计,4401,MAJOR,中华人民共和国教育部
MOE_VOCATIONAL_2021,VOCATIONAL_ASSOCIATE,44,土木建筑大类,4401,建筑设计类,440107,建筑动画技术,4401,MAJOR,中华人民共和国教育部
MOE_VOCATIONAL_2021,VOCATIONAL_ASSOCIATE,44,土木建筑大类,4402,城乡规划与管理类,4402,城乡规划与管理类,44,CLASS,中华人民共和国教育部
MOE_VOCATIONAL_2021,VOCATIONAL_ASSOCIATE,44,土木建筑大类,4402,城乡规划与管理类,440201,城乡规划,4402,MAJOR,中华人民共和国教育部
MOE_VOCATIONAL_2021,VOCATIONAL_ASSOCIATE,44,土木建筑大类,4402,城乡规划与管理类,440202,智慧城市管理技术,4402,MAJOR,中华人民共和国教育部
MOE_VOCATIONAL_2021,VOCATIONAL_ASSOCIATE,44,土木建筑大类,4402,城乡规划与管理类,440203,村镇建设与管理,4402,MAJOR,中华人民共和国教育部
MOE_VOCATIONAL_2021,VOCATIONAL_ASSOCIATE,44,土木建筑大类,4403,土建施工类,4403,土建施工类,44,CLASS,中华人民共和国教育部
MOE_VOCATIONAL_2021,VOCATIONAL_ASSOCIATE,44,土木建筑大类,4403,土建施工类,440301,建筑工程技术,4403,MAJOR,中华人民共和国教育部
MOE_VOCATIONAL_2021,VOCATIONAL_ASSOCIATE,44,土木建筑大类,4403,土建施工类,440302,装配式建筑工程技术,4403,MAJOR,中华人民共和国教育部
MOE_VOCATIONAL_2021,VOCATIONAL_ASSOCIATE,44,土木建筑大类,4403,土建施工类,440303,建筑钢结构工程技术,4403,MAJOR,中华人民共和国教育部
MOE_VOCATIONAL_2021,VOCATIONAL_ASSOCIATE,44,土木建筑大类,4403,土建施工类,440304,智能建造技术,4403,MAJOR,中华人民共和国教育部
MOE_VOCATIONAL_2021,VOCATIONAL_ASSOCIATE,44,土木建筑大类,4403,土建施工类,440305,地下与隧道工程技术,4403,MAJOR,中华人民共和国教育部
MOE_VOCATIONAL_2021,VOCATIONAL_ASSOCIATE,44,土木建筑大类,4403,土建施工类,440306,土木工程检测技术,4403,MAJOR,中华人民共和国教育部
MOE_VOCATIONAL_2021,VOCATIONAL_ASSOCIATE,44,土木建筑大类,4404,建筑设备类,4404,建筑设备类,44,CLASS,中华人民共和国教育部
MOE_VOCATIONAL_2021,VOCATIONAL_ASSOCIATE,44,土木建筑大类,4404,建筑设备类,440401,建筑设备工程技术,4404,MAJOR,中华人民共和国教育部
MOE_VOCATIONAL_2021,VOCATIONAL_ASSOCIATE,44,土木建筑大类,4404,建筑设备类,440402,建筑电气工程技术,4404,MAJOR,中华人民共和国教育部
MOE_VOCATIONAL_2021,VOCATIONAL_ASSOCIATE,44,土木建筑大类,4404,建筑设备类,440403,供热通风与空调工程技术,4404,MAJOR,中华人民共和国教育部
MOE_VOCATIONAL_2021,VOCATIONAL_ASSOCIATE,44,土木建筑大类,4404,建筑设备类,440404,建筑智能化工程技术,4404,MAJOR,中华人民共和国教育部
MOE_VOCATIONAL_2021,VOCATIONAL_ASSOCIATE,44,土木建筑大类,4404,建筑设备类,440405,工业设备安装工程技术,4404,MAJOR,中华人民共和国教育部
MOE_VOCATIONAL_2021,VOCATIONAL_ASSOCIATE,44,土木建筑大类,4404,建筑设备类,440406,建筑消防技术,4404,MAJOR,中华人民共和国教育部
MOE_VOCATIONAL_2021,VOCATIONAL_ASSOCIATE,44,土木建筑大类,4405,建设工程管理类,4405,建设工程管理类,44,CLASS,中华人民共和国教育部
MOE_VOCATIONAL_2021,VOCATIONAL_ASSOCIATE,44,土木建筑大类,4405,建设工程管理类,440501,工程造价,4405,MAJOR,中华人民共和国教育部
MOE_VOCATIONAL_2021,VOCATIONAL_ASSOCIATE,44,土木建筑大类,4405,建设工程管理类,440502,建设工程管理,4405,MAJOR,中华人民共和国教育部
MOE_VOCATIONAL_2021,VOCATIONAL_ASSOCIATE,44,土木建筑大类,4405,建设工程管理类,440503,建筑经济信息化管理,4405,MAJOR,中华人民共和国教育部
MOE_VOCATIONAL_2021,VOCATIONAL_ASSOCIATE,44,土木建筑大类,4405,建设工程管理类,440504,建设工程监理,4405,MAJOR,中华人民共和国教育部
MOE_VOCATIONAL_2021,VOCATIONAL_ASSOCIATE,44,土木建筑大类,4406,市政工程类,4406,市政工程类,44,CLASS,中华人民共和国教育部
MOE_VOCATIONAL_2021,VOCATIONAL_ASSOCIATE,44,土木建筑大类,4406,市政工程类,440601,市政工程技术,4406,MAJOR,中华人民共和国教育部
MOE_VOCATIONAL_2021,VOCATIONAL_ASSOCIATE,44,土木建筑大类,4406,市政工程类,440602,给排水工程技术,4406,MAJOR,中华人民共和国教育部
MOE_VOCATIONAL_2021,VOCATIONAL_ASSOCIATE,44,土木建筑大类,4406,市政工程类,440603,城市燃气工程技术,4406,MAJOR,中华人民共和国教育部
MOE_VOCATIONAL_2021,VOCATIONAL_ASSOCIATE,44,土木建筑大类,4406,市政工程类,440604,市政管网智能检测与维护,4406,MAJOR,中华人民共和国教育部
MOE_VOCATIONAL_2021,VOCATIONAL_ASSOCIATE,44,土木建筑大类,4406,市政工程类,440605,城市环境工程技术,4406,MAJOR,中华人民共和国教育部
MOE_VOCATIONAL_2021,VOCATIONAL_ASSOCIATE,44,土木建筑大类,4407,房地产类,4407,房地产类,44,CLASS,中华人民共和国教育部
MOE_VOCATIONAL_2021,VOCATIONAL_ASSOCIATE,44,土木建筑大类,4407,房地产类,440701,房地产经营与管理,4407,MAJOR,中华人民共和国教育部
MOE_VOCATIONAL_2021,VOCATIONAL_ASSOCIATE,44,土木建筑大类,4407,房地产类,440702,房地产智能检测与估价,4407,MAJOR,中华人民共和国教育部
MOE_VOCATIONAL_2021,VOCATIONAL_ASSOCIATE,44,土木建筑大类,4407,房地产类,440703,现代物业管理,4407,MAJOR,中华人民共和国教育部
MOE_VOCATIONAL_2021,VOCATIONAL_ASSOCIATE,45,水利大类,,,45,水利大类,,CATEGORY,中华人民共和国教育部
MOE_VOCATIONAL_2021,VOCATIONAL_ASSOCIATE,45,水利大类,4501,水文水资源类,4501,水文水资源类,45,CLASS,中华人民共和国教育部
MOE_VOCATIONAL_2021,VOCATIONAL_ASSOCIATE,45,水利大类,4501,水文水资源类,450101,水文与水资源技术,4501,MAJOR,中华人民共和国教育部
MOE_VOCATIONAL_2021,VOCATIONAL_ASSOCIATE,45,水利大类,4501,水文水资源类,450102,水政水资源管理,4501,MAJOR,中华人民共和国教育部
MOE_VOCATIONAL_2021,VOCATIONAL_ASSOCIATE,45,水利大类,4502,水利工程与管理类,4502,水利工程与管理类,45,CLASS,中华人民共和国教育部
MOE_VOCATIONAL_2021,VOCATIONAL_ASSOCIATE,45,水利大类,4502,水利工程与管理类,450201,水利工程,4502,MAJOR,中华人民共和国教育部
MOE_VOCATIONAL_2021,VOCATIONAL_ASSOCIATE,45,水利大类,4502,水利工程与管理类,450202,智慧水利技术,4502,MAJOR,中华人民共和国教育部
MOE_VOCATIONAL_2021,VOCATIONAL_ASSOCIATE,45,水利大类,4502,水利工程与管理类,450203,水利水电工程技术,4502,MAJOR,中华人民共和国教育部
MOE_VOCATIONAL_2021,VOCATIONAL_ASSOCIATE,45,水利大类,4502,水利工程与管理类,450204,水利水电工程智能管理,4502,MAJOR,中华人民共和国教育部
MOE_VOCATIONAL_2021,VOCATIONAL_ASSOCIATE,45,水利大类,4502,水利工程与管理类,450205,水利水电建筑工程,4502,MAJOR,中华人民共和国教育部
MOE_VOCATIONAL_2021,VOCATIONAL_ASSOCIATE,45,水利大类,4502,水利工程与管理类,450206,机电排灌工程技术,4502,MAJOR,中华人民共和国教育部
MOE_VOCATIONAL_2021,VOCATIONAL_ASSOCIATE,45,水利大类,4502,水利工程与管理类,450207,治河与航道工程技术,4502,MAJOR,中华人民共和国教育部
MOE_VOCATIONAL_2021,VOCATIONAL_ASSOCIATE,45,水利大类,4502,水利工程与管理类,450208,智能水务管理,4502,MAJOR,中华人民共和国教育部
MOE_VOCATIONAL_2021,VOCATIONAL_ASSOCIATE,45,水利大类,4503,水利水电设备类,4503,水利水电设备类,45,CLASS,中华人民共和国教育部
MOE_VOCATIONAL_2021,VOCATIONAL_ASSOCIATE,45,水利大类,4503,水利水电设备类,450301,水电站设备安装与管理,4503,MAJOR,中华人民共和国教育部
MOE_VOCATIONAL_2021,VOCATIONAL_ASSOCIATE,45,水利大类,4503,水利水电设备类,450302,水电站运行与智能管理,4503,MAJOR,中华人民共和国教育部
MOE_VOCATIONAL_2021,VOCATIONAL_ASSOCIATE,45,水利大类,4503,水利水电设备类,450303,水利机电设备智能管理,4503,MAJOR,中华人民共和国教育部
MOE_VOCATIONAL_2021,VOCATIONAL_ASSOCIATE,45,水利大类,4504,水土保持与水环境类,4504,水土保持与水环境类,45,CLASS,中华人民共和国教育部
MOE_VOCATIONAL_2021,VOCATIONAL_ASSOCIATE,45,水利大类,4504,水土保持与水环境类,450401,水土保持技术,4504,MAJOR,中华人民共和国教育部
MOE_VOCATIONAL_2021,VOCATIONAL_ASSOCIATE,45,水利大类,4504,水土保持与水环境类,450402,水环境智能监测与治理,4504,MAJOR,中华人民共和国教育部
MOE_VOCATIONAL_2021,VOCATIONAL_ASSOCIATE,45,水利大类,4504,水土保持与水环境类,450403,水生态修复技术,4504,MAJOR,中华人民共和国教育部
MOE_VOCATIONAL_2021,VOCATIONAL_ASSOCIATE,46,装备制造大类,,,46,装备制造大类,,CATEGORY,中华人民共和国教育部
MOE_VOCATIONAL_2021,VOCATIONAL_ASSOCIATE,46,装备制造大类,4601,机械设计制造类,4601,机械设计制造类,46,CLASS,中华人民共和国教育部
MOE_VOCATIONAL_2021,VOCATIONAL_ASSOCIATE,46,装备制造大类,4601,机械设计制造类,460101,机械设计与制造,4601,MAJOR,中华人民共和国教育部
MOE_VOCATIONAL_2021,VOCATIONAL_ASSOCIATE,46,装备制造大类,4601,机械设计制造类,460102,数字化设计与制造技术,4601,MAJOR,中华人民共和国教育部
MOE_VOCATIONAL_2021,VOCATIONAL_ASSOCIATE,46,装备制造大类,4601,机械设计制造类,460103,数控技术,4601,MAJOR,中华人民共和国教育部
MOE_VOCATIONAL_2021,VOCATIONAL_ASSOCIATE,46,装备制造大类,4601,机械设计制造类,460104,机械制造及自动化,4601,MAJOR,中华人民共和国教育部
MOE_VOCATIONAL_2021,VOCATIONAL_ASSOCIATE,46,装备制造大类,4601,机械设计制造类,460105,工业设计,4601,MAJOR,中华人民共和国教育部
MOE_VOCATIONAL_2021,VOCATIONAL_ASSOCIATE,46,装备制造大类,4601,机械设计制造类,460106,工业工程技术,4601,MAJOR,中华人民共和国教育部
MOE_VOCATIONAL_2021,VOCATIONAL_ASSOCIATE,46,装备制造大类,4601,机械设计制造类,460107,材料成型及控制技术,4601,MAJOR,中华人民共和国教育部
MOE_VOCATIONAL_2021,VOCATIONAL_ASSOCIATE,46,装备制造大类,4601,机械设计制造类,460108,现代铸造技术,4601,MAJOR,中华人民共和国教育部
MOE_VOCATIONAL_2021,VOCATIONAL_ASSOCIATE,46,装备制造大类,4601,机械设计制造类,460109,现代锻压技术,4601,MAJOR,中华人民共和国教育部
MOE_VOCATIONAL_2021,VOCATIONAL_ASSOCIATE,46,装备制造大类,4601,机械设计制造类,460110,智能焊接技术,4601,MAJOR,中华人民共和国教育部
MOE_VOCATIONAL_2021,VOCATIONAL_ASSOCIATE,46,装备制造大类,4601,机械设计制造类,460111,工业材料表面处理技术,4601,MAJOR,中华人民共和国教育部
MOE_VOCATIONAL_2021,VOCATIONAL_ASSOCIATE,46,装备制造大类,4601,机械设计制造类,460112,增材制造技术,4601,MAJOR,中华人民共和国教育部
MOE_VOCATIONAL_2021,VOCATIONAL_ASSOCIATE,46,装备制造大类,4601,机械设计制造类,460113,模具设计与制造,4601,MAJOR,中华人民共和国教育部
MOE_VOCATIONAL_2021,VOCATIONAL_ASSOCIATE,46,装备制造大类,4601,机械设计制造类,460114,特种加工技术,4601,MAJOR,中华人民共和国教育部
MOE_VOCATIONAL_2021,VOCATIONAL_ASSOCIATE,46,装备制造大类,4601,机械设计制造类,460115,智能光电制造技术,4601,MAJOR,中华人民共和国教育部
MOE_VOCATIONAL_2021,VOCATIONAL_ASSOCIATE,46,装备制造大类,4601,机械设计制造类,460116,电线电缆制造技术,4601,MAJOR,中华人民共和国教育部
MOE_VOCATIONAL_2021,VOCATIONAL_ASSOCIATE,46,装备制造大类,4601,机械设计制造类,460117,内燃机制造与应用技术,4601,MAJOR,中华人民共和国教育部
MOE_VOCATIONAL_2021,VOCATIONAL_ASSOCIATE,46,装备制造大类,4601,机械设计制造类,460118,机械装备制造技术,4601,MAJOR,中华人民共和国教育部
MOE_VOCATIONAL_2021,VOCATIONAL_ASSOCIATE,46,装备制造大类,4601,机械设计制造类,460119,工业产品质量检测技术,4601,MAJOR,中华人民共和国教育部
MOE_VOCATIONAL_2021,VOCATIONAL_ASSOCIATE,46,装备制造大类,4601,机械设计制造类,460120,理化测试与质检技术,4601,MAJOR,中华人民共和国教育部
MOE_VOCATIONAL_2021,VOCATIONAL_ASSOCIATE,46,装备制造大类,4602,机电设备类,4602,机电设备类,46,CLASS,中华人民共和国教育部
MOE_VOCATIONAL_2021,VOCATIONAL_ASSOCIATE,46,装备制造大类,4602,机电设备类,460201,智能制造装备技术,4602,MAJOR,中华人民共和国教育部
MOE_VOCATIONAL_2021,VOCATIONAL_ASSOCIATE,46,装备制造大类,4602,机电设备类,460202,机电设备技术,4602,MAJOR,中华人民共和国教育部
MOE_VOCATIONAL_2021,VOCATIONAL_ASSOCIATE,46,装备制造大类,4602,机电设备类,460203,电机与电器技术,4602,MAJOR,中华人民共和国教育部
MOE_VOCATIONAL_2021,VOCATIONAL_ASSOCIATE,46,装备制造大类,4602,机电设备类,460204,新能源装备技术,4602,MAJOR,中华人民共和国教育部
MOE_VOCATIONAL_2021,VOCATIONAL_ASSOCIATE,46,装备制造大类,4602,机电设备类,460205,制冷与空调技术,4602,MAJOR,中华人民共和国教育部
MOE_VOCATIONAL_2021,VOCATIONAL_ASSOCIATE,46,装备制造大类,4602,机电设备类,460206,电梯工程技术,4602,MAJOR,中华人民共和国教育部
MOE_VOCATIONAL_2021,VOCATIONAL_ASSOCIATE,46,装备制造大类,4603,自动化类,4603,自动化类,46,CLASS,中华人民共和国教育部
MOE_VOCATIONAL_2021,VOCATIONAL_ASSOCIATE,46,装备制造大类,4603,自动化类,460301,机电一体化技术,4603,MAJOR,中华人民共和国教育部
MOE_VOCATIONAL_2021,VOCATIONAL_ASSOCIATE,46,装备制造大类,4603,自动化类,460302,智能机电技术,4603,MAJOR,中华人民共和国教育部
MOE_VOCATIONAL_2021,VOCATIONAL_ASSOCIATE,46,装备制造大类,4603,自动化类,460303,智能控制技术,4603,MAJOR,中华人民共和国教育部
MOE_VOCATIONAL_2021,VOCATIONAL_ASSOCIATE,46,装备制造大类,4603,自动化类,460304,智能机器人技术,4603,MAJOR,中华人民共和国教育部
MOE_VOCATIONAL_2021,VOCATIONAL_ASSOCIATE,46,装备制造大类,4603,自动化类,460305,工业机器人技术,4603,MAJOR,中华人民共和国教育部
MOE_VOCATIONAL_2021,VOCATIONAL_ASSOCIATE,46,装备制造大类,4603,自动化类,460306,电气自动化技术,4603,MAJOR,中华人民共和国教育部
MOE_VOCATIONAL_2021,VOCATIONAL_ASSOCIATE,46,装备制造大类,4603,自动化类,460307,工业过程自动化技术,4603,MAJOR,中华人民共和国教育部
MOE_VOCATIONAL_2021,VOCATIONAL_ASSOCIATE,46,装备制造大类,4603,自动化类,460308,工业自动化仪表技术,4603,MAJOR,中华人民共和国教育部
MOE_VOCATIONAL_2021,VOCATIONAL_ASSOCIATE,46,装备制造大类,4603,自动化类,460309,液压与气动技术,4603,MAJOR,中华人民共和国教育部
MOE_VOCATIONAL_2021,VOCATIONAL_ASSOCIATE,46,装备制造大类,4603,自动化类,460310,工业互联网应用,4603,MAJOR,中华人民共和国教育部
MOE_VOCATIONAL_2021,VOCATIONAL_ASSOCIATE,46,装备制造大类,4603,自动化类,460311,计量测试与应用技术,4603,MAJOR,中华人民共和国教育部
MOE_VOCATIONAL_2021,VOCATIONAL_ASSOCIATE,46,装备制造大类,4604,轨道装备类,4604,轨道装备类,46,CLASS,中华人民共和国教育部
MOE_VOCATIONAL_2021,VOCATIONAL_ASSOCIATE,46,装备制造大类,4604,轨道装备类,460401,铁道机车车辆制造与维护,4604,MAJOR,中华人民共和国教育部
MOE_VOCATIONAL_2021,VOCATIONAL_ASSOCIATE,46,装备制造大类,4604,轨道装备类,460402,高速铁路动车组制造与维护,4604,MAJOR,中华人民共和国教育部
MOE_VOCATIONAL_2021,VOCATIONAL_ASSOCIATE,46,装备制造大类,4604,轨道装备类,460403,城市轨道交通车辆制造与维护,4604,MAJOR,中华人民共和国教育部
MOE_VOCATIONAL_2021,VOCATIONAL_ASSOCIATE,46,装备制造大类,4604,轨道装备类,460404,轨道交通通信信号设备制造与维护,4604,MAJOR,中华人民共和国教育部
MOE_VOCATIONAL_2021,VOCATIONAL_ASSOCIATE,46,装备制造大类,4604,轨道装备类,460405,轨道交通工程机械制造与维护,4604,MAJOR,中华人民共和国教育部
MOE_VOCATIONAL_2021,VOCATIONAL_ASSOCIATE,46,装备制造大类,4605,船舶与海洋工程装备类,4605,船舶与海洋工程装备类,46,CLASS,中华人民共和国教育部
MOE_VOCATIONAL_2021,VOCATIONAL_ASSOCIATE,46,装备制造大类,4605,船舶与海洋工程装备类,460501,船舶工程技术,4605,MAJOR,中华人民共和国教育部
MOE_VOCATIONAL_2021,VOCATIONAL_ASSOCIATE,46,装备制造大类,4605,船舶与海洋工程装备类,460502,船舶动力工程技术,4605,MAJOR,中华人民共和国教育部
MOE_VOCATIONAL_2021,VOCATIONAL_ASSOCIATE,46,装备制造大类,4605,船舶与海洋工程装备类,460503,船舶电气工程技术,4605,MAJOR,中华人民共和国教育部
MOE_VOCATIONAL_2021,VOCATIONAL_ASSOCIATE,46,装备制造大类,4605,船舶与海洋工程装备类,460504,船舶智能焊接技术,4605,MAJOR,中华人民共和国教育部
MOE_VOCATIONAL_2021,VOCATIONAL_ASSOCIATE,46,装备制造大类,4605,船舶与海洋工程装备类,460505,船舶舾装工程技术,4605,MAJOR,中华人民共和国教育部
MOE_VOCATIONAL_2021,VOCATIONAL_ASSOCIATE,46,装备制造大类,4605,船舶与海洋工程装备类,460506,船舶涂装工程技术,4605,MAJOR,中华人民共和国教育部
MOE_VOCATIONAL_2021,VOCATIONAL_ASSOCIATE,46,装备制造大类,4605,船舶与海洋工程装备类,460507,船舶通信装备技术,4605,MAJOR,中华人民共和国教育部
MOE_VOCATIONAL_2021,VOCATIONAL_ASSOCIATE,46,装备制造大类,4605,船舶与海洋工程装备类,460508,游艇设计与制造,4605,MAJOR,中华人民共和国教育部
MOE_VOCATIONAL_2021,VOCATIONAL_ASSOCIATE,46,装备制造大类,4605,船舶与海洋工程装备类,460509,邮轮内装技术,4605,MAJOR,中华人民共和国教育部
MOE_VOCATIONAL_2021,VOCATIONAL_ASSOCIATE,46,装备制造大类,4605,船舶与海洋工程装备类,460510,海洋工程装备技术,4605,MAJOR,中华人民共和国教育部
MOE_VOCATIONAL_2021,VOCATIONAL_ASSOCIATE,46,装备制造大类,4606,航空装备类,4606,航空装备类,46,CLASS,中华人民共和国教育部
MOE_VOCATIONAL_2021,VOCATIONAL_ASSOCIATE,46,装备制造大类,4606,航空装备类,460601,飞行器数字化制造技术,4606,MAJOR,中华人民共和国教育部
MOE_VOCATIONAL_2021,VOCATIONAL_ASSOCIATE,46,装备制造大类,4606,航空装备类,460602,飞行器数字化装配技术,4606,MAJOR,中华人民共和国教育部
MOE_VOCATIONAL_2021,VOCATIONAL_ASSOCIATE,46,装备制造大类,4606,航空装备类,460603,航空发动机制造技术,4606,MAJOR,中华人民共和国教育部
MOE_VOCATIONAL_2021,VOCATIONAL_ASSOCIATE,46,装备制造大类,4606,航空装备类,460604,航空发动机装配调试技术,4606,MAJOR,中华人民共和国教育部
MOE_VOCATIONAL_2021,VOCATIONAL_ASSOCIATE,46,装备制造大类,4606,航空装备类,460605,飞机机载设备装配调试技术,4606,MAJOR,中华人民共和国教育部
MOE_VOCATIONAL_2021,VOCATIONAL_ASSOCIATE,46,装备制造大类,4606,航空装备类,460606,航空装备表面处理技术,4606,MAJOR,中华人民共和国教育部
MOE_VOCATIONAL_2021,VOCATIONAL_ASSOCIATE,46,装备制造大类,4606,航空装备类,460607,飞行器维修技术,4606,MAJOR,中华人民共和国教育部
MOE_VOCATIONAL_2021,VOCATIONAL_ASSOCIATE,46,装备制造大类,4606,航空装备类,460608,航空发动机维修技术,4606,MAJOR,中华人民共和国教育部
MOE_VOCATIONAL_2021,VOCATIONAL_ASSOCIATE,46,装备制造大类,4606,航空装备类,460609,无人机应用技术,4606,MAJOR,中华人民共和国教育部
MOE_VOCATIONAL_2021,VOCATIONAL_ASSOCIATE,46,装备制造大类,4606,航空装备类,460610,航空材料精密成型技术,4606,MAJOR,中华人民共和国教育部
MOE_VOCATIONAL_2021,VOCATIONAL_ASSOCIATE,46,装备制造大类,4606,航空装备类,460611,导弹维修技术,4606,MAJOR,中华人民共和国教育部
MOE_VOCATIONAL_2021,VOCATIONAL_ASSOCIATE,46,装备制造大类,4607,汽车制造类,4607,汽车制造类,46,CLASS,中华人民共和国教育部
MOE_VOCATIONAL_2021,VOCATIONAL_ASSOCIATE,46,装备制造大类,4607,汽车制造类,460701,汽车制造与试验技术,4607,MAJOR,中华人民共和国教育部
MOE_VOCATIONAL_2021,VOCATIONAL_ASSOCIATE,46,装备制造大类,4607,汽车制造类,460702,新能源汽车技术,4607,MAJOR,中华人民共和国教育部
MOE_VOCATIONAL_2021,VOCATIONAL_ASSOCIATE,46,装备制造大类,4607,汽车制造类,460703,汽车电子技术,4607,MAJOR,中华人民共和国教育部
MOE_VOCATIONAL_2021,VOCATIONAL_ASSOCIATE,46,装备制造大类,4607,汽车制造类,460704,智能网联汽车技术,4607,MAJOR,中华人民共和国教育部
MOE_VOCATIONAL_2021,VOCATIONAL_ASSOCIATE,46,装备制造大类,4607,汽车制造类,460705,汽车造型与改装技术,4607,MAJOR,中华人民共和国教育部
MOE_VOCATIONAL_2021,VOCATIONAL_ASSOCIATE,47,生物与化工大类,,,47,生物与化工大类,,CATEGORY,中华人民共和国教育部
MOE_VOCATIONAL_2021,VOCATIONAL_ASSOCIATE,47,生物与化工大类,4701,生物技术类,4701,生物技术类,47,CLASS,中华人民共和国教育部
MOE_VOCATIONAL_2021,VOCATIONAL_ASSOCIATE,47,生物与化工大类,4701,生物技术类,470101,食品生物技术,4701,MAJOR,中华人民共和国教育部
MOE_VOCATIONAL_2021,VOCATIONAL_ASSOCIATE,47,生物与化工大类,4701,生物技术类,470102,药品生物技术,4701,MAJOR,中华人民共和国教育部
MOE_VOCATIONAL_2021,VOCATIONAL_ASSOCIATE,47,生物与化工大类,4701,生物技术类,470103,农业生物技术,4701,MAJOR,中华人民共和国教育部
MOE_VOCATIONAL_2021,VOCATIONAL_ASSOCIATE,47,生物与化工大类,4701,生物技术类,470104,化工生物技术,4701,MAJOR,中华人民共和国教育部
MOE_VOCATIONAL_2021,VOCATIONAL_ASSOCIATE,47,生物与化工大类,4701,生物技术类,470105,生物产品检验检疫,4701,MAJOR,中华人民共和国教育部
MOE_VOCATIONAL_2021,VOCATIONAL_ASSOCIATE,47,生物与化工大类,4701,生物技术类,470106,绿色生物制造技术,4701,MAJOR,中华人民共和国教育部
MOE_VOCATIONAL_2021,VOCATIONAL_ASSOCIATE,47,生物与化工大类,4701,生物技术类,470107,生物信息技术,4701,MAJOR,中华人民共和国教育部
MOE_VOCATIONAL_2021,VOCATIONAL_ASSOCIATE,47,生物与化工大类,4702,化工技术类,4702,化工技术类,47,CLASS,中华人民共和国教育部
MOE_VOCATIONAL_2021,VOCATIONAL_ASSOCIATE,47,生物与化工大类,4702,化工技术类,470201,应用化工技术,4702,MAJOR,中华人民共和国教育部
MOE_VOCATIONAL_2021,VOCATIONAL_ASSOCIATE,47,生物与化工大类,4702,化工技术类,470202,石油炼制技术,4702,MAJOR,中华人民共和国教育部
MOE_VOCATIONAL_2021,VOCATIONAL_ASSOCIATE,47,生物与化工大类,4702,化工技术类,470203,精细化工技术,4702,MAJOR,中华人民共和国教育部
MOE_VOCATIONAL_2021,VOCATIONAL_ASSOCIATE,47,生物与化工大类,4702,化工技术类,470204,石油化工技术,4702,MAJOR,中华人民共和国教育部
MOE_VOCATIONAL_2021,VOCATIONAL_ASSOCIATE,47,生物与化工大类,4702,化工技术类,470205,煤化工技术,4702,MAJOR,中华人民共和国教育部
MOE_VOCATIONAL_2021,VOCATIONAL_ASSOCIATE,47,生物与化工大类,4702,化工技术类,470206,高分子合成技术,4702,MAJOR,中华人民共和国教育部
MOE_VOCATIONAL_2021,VOCATIONAL_ASSOCIATE,47,生物与化工大类,4702,化工技术类,470207,海洋化工技术,4702,MAJOR,中华人民共和国教育部
MOE_VOCATIONAL_2021,VOCATIONAL_ASSOCIATE,47,生物与化工大类,4702,化工技术类,470208,分析检验技术,4702,MAJOR,中华人民共和国教育部
MOE_VOCATIONAL_2021,VOCATIONAL_ASSOCIATE,47,生物与化工大类,4702,化工技术类,470209,化工智能制造技术,4702,MAJOR,中华人民共和国教育部
MOE_VOCATIONAL_2021,VOCATIONAL_ASSOCIATE,47,生物与化工大类,4702,化工技术类,470210,化工装备技术,4702,MAJOR,中华人民共和国教育部
MOE_VOCATIONAL_2021,VOCATIONAL_ASSOCIATE,47,生物与化工大类,4702,化工技术类,470211,化工自动化技术,4702,MAJOR,中华人民共和国教育部
MOE_VOCATIONAL_2021,VOCATIONAL_ASSOCIATE,47,生物与化工大类,4702,化工技术类,470212,涂装防护技术,4702,MAJOR,中华人民共和国教育部
MOE_VOCATIONAL_2021,VOCATIONAL_ASSOCIATE,47,生物与化工大类,4702,化工技术类,470213,烟花爆竹技术与管理,4702,MAJOR,中华人民共和国教育部
MOE_VOCATIONAL_2021,VOCATIONAL_ASSOCIATE,48,轻工纺织大类,,,48,轻工纺织大类,,CATEGORY,中华人民共和国教育部
MOE_VOCATIONAL_2021,VOCATIONAL_ASSOCIATE,48,轻工纺织大类,4801,轻化工类,4801,轻化工类,48,CLASS,中华人民共和国教育部
MOE_VOCATIONAL_2021,VOCATIONAL_ASSOCIATE,48,轻工纺织大类,4801,轻化工类,480101,化妆品技术,4801,MAJOR,中华人民共和国教育部
MOE_VOCATIONAL_2021,VOCATIONAL_ASSOCIATE,48,轻工纺织大类,4801,轻化工类,480102,现代造纸技术,4801,MAJOR,中华人民共和国教育部
MOE_VOCATIONAL_2021,VOCATIONAL_ASSOCIATE,48,轻工纺织大类,4801,轻化工类,480103,家具设计与制造,4801,MAJOR,中华人民共和国教育部
MOE_VOCATIONAL_2021,VOCATIONAL_ASSOCIATE,48,轻工纺织大类,4801,轻化工类,480104,鞋类设计与工艺,4801,MAJOR,中华人民共和国教育部
MOE_VOCATIONAL_2021,VOCATIONAL_ASSOCIATE,48,轻工纺织大类,4801,轻化工类,480105,陶瓷制造技术与工艺,4801,MAJOR,中华人民共和国教育部
MOE_VOCATIONAL_2021,VOCATIONAL_ASSOCIATE,48,轻工纺织大类,4801,轻化工类,480106,珠宝首饰技术与管理,4801,MAJOR,中华人民共和国教育部
MOE_VOCATIONAL_2021,VOCATIONAL_ASSOCIATE,48,轻工纺织大类,4801,轻化工类,480107,皮革加工技术,4801,MAJOR,中华人民共和国教育部
MOE_VOCATIONAL_2021,VOCATIONAL_ASSOCIATE,48,轻工纺织大类,4801,轻化工类,480108,皮具制作与工艺,4801,MAJOR,中华人民共和国教育部
MOE_VOCATIONAL_2021,VOCATIONAL_ASSOCIATE,48,轻工纺织大类,4801,轻化工类,480109,乐器制造与维护,4801,MAJOR,中华人民共和国教育部
MOE_VOCATIONAL_2021,VOCATIONAL_ASSOCIATE,48,轻工纺织大类,4801,轻化工类,480110,香料香精技术与工艺,4801,MAJOR,中华人民共和国教育部
MOE_VOCATIONAL_2021,VOCATIONAL_ASSOCIATE,48,轻工纺织大类,4801,轻化工类,480111,表面精饰工艺,4801,MAJOR,中华人民共和国教育部
MOE_VOCATIONAL_2021,VOCATIONAL_ASSOCIATE,48,轻工纺织大类,4802,包装类,4802,包装类,48,CLASS,中华人民共和国教育部
MOE_VOCATIONAL_2021,VOCATIONAL_ASSOCIATE,48,轻工纺织大类,4802,包装类,480201,包装工程技术,4802,MAJOR,中华人民共和国教育部
MOE_VOCATIONAL_2021,VOCATIONAL_ASSOCIATE,48,轻工纺织大类,4802,包装类,480202,包装策划与设计,4802,MAJOR,中华人民共和国教育部
MOE_VOCATIONAL_2021,VOCATIONAL_ASSOCIATE,48,轻工纺织大类,4803,印刷类,4803,印刷类,48,CLASS,中华人民共和国教育部
MOE_VOCATIONAL_2021,VOCATIONAL_ASSOCIATE,48,轻工纺织大类,4803,印刷类,480301,数字印刷技术,4803,MAJOR,中华人民共和国教育部
MOE_VOCATIONAL_2021,VOCATIONAL_ASSOCIATE,48,轻工纺织大类,4803,印刷类,480302,印刷媒体技术,4803,MAJOR,中华人民共和国教育部
MOE_VOCATIONAL_2021,VOCATIONAL_ASSOCIATE,48,轻工纺织大类,4803,印刷类,480303,印刷数字图文技术,4803,MAJOR,中华人民共和国教育部
MOE_VOCATIONAL_2021,VOCATIONAL_ASSOCIATE,48,轻工纺织大类,4803,印刷类,480304,印刷设备应用技术,4803,MAJOR,中华人民共和国教育部
MOE_VOCATIONAL_2021,VOCATIONAL_ASSOCIATE,48,轻工纺织大类,4804,纺织服装类,4804,纺织服装类,48,CLASS,中华人民共和国教育部
MOE_VOCATIONAL_2021,VOCATIONAL_ASSOCIATE,48,轻工纺织大类,4804,纺织服装类,480401,现代纺织技术,4804,MAJOR,中华人民共和国教育部
MOE_VOCATIONAL_2021,VOCATIONAL_ASSOCIATE,48,轻工纺织大类,4804,纺织服装类,480402,服装设计与工艺,4804,MAJOR,中华人民共和国教育部
MOE_VOCATIONAL_2021,VOCATIONAL_ASSOCIATE,48,轻工纺织大类,4804,纺织服装类,480403,丝绸技术,4804,MAJOR,中华人民共和国教育部
MOE_VOCATIONAL_2021,VOCATIONAL_ASSOCIATE,48,轻工纺织大类,4804,纺织服装类,480404,针织技术与针织服装,4804,MAJOR,中华人民共和国教育部
MOE_VOCATIONAL_2021,VOCATIONAL_ASSOCIATE,48,轻工纺织大类,4804,纺织服装类,480405,数字化染整技术,4804,MAJOR,中华人民共和国教育部
MOE_VOCATIONAL_2021,VOCATIONAL_ASSOCIATE,48,轻工纺织大类,4804,纺织服装类,480406,纺织品设计,4804,MAJOR,中华人民共和国教育部
MOE_VOCATIONAL_2021,VOCATIONAL_ASSOCIATE,48,轻工纺织大类,4804,纺织服装类,480407,现代家用纺织品设计,4804,MAJOR,中华人民共和国教育部
MOE_VOCATIONAL_2021,VOCATIONAL_ASSOCIATE,48,轻工纺织大类,4804,纺织服装类,480408,纺织材料与应用,4804,MAJOR,中华人民共和国教育部
MOE_VOCATIONAL_2021,VOCATIONAL_ASSOCIATE,48,轻工纺织大类,4804,纺织服装类,480409,现代非织造技术,4804,MAJOR,中华人民共和国教育部
MOE_VOCATIONAL_2021,VOCATIONAL_ASSOCIATE,48,轻工纺织大类,4804,纺织服装类,480410,纺织机电技术,4804,MAJOR,中华人民共和国教育部
MOE_VOCATIONAL_2021,VOCATIONAL_ASSOCIATE,48,轻工纺织大类,4804,纺织服装类,480411,纺织品检验与贸易,4804,MAJOR,中华人民共和国教育部
MOE_VOCATIONAL_2021,VOCATIONAL_ASSOCIATE,48,轻工纺织大类,4804,纺织服装类,480412,皮革服装制作与工艺,4804,MAJOR,中华人民共和国教育部
MOE_VOCATIONAL_2021,VOCATIONAL_ASSOCIATE,49,食品药品与粮食大类,,,49,食品药品与粮食大类,,CATEGORY,中华人民共和国教育部
MOE_VOCATIONAL_2021,VOCATIONAL_ASSOCIATE,49,食品药品与粮食大类,4901,食品类,4901,食品类,49,CLASS,中华人民共和国教育部
MOE_VOCATIONAL_2021,VOCATIONAL_ASSOCIATE,49,食品药品与粮食大类,4901,食品类,490101,食品智能加工技术,4901,MAJOR,中华人民共和国教育部
MOE_VOCATIONAL_2021,VOCATIONAL_ASSOCIATE,49,食品药品与粮食大类,4901,食品类,490102,食品质量与安全,4901,MAJOR,中华人民共和国教育部
MOE_VOCATIONAL_2021,VOCATIONAL_ASSOCIATE,49,食品药品与粮食大类,4901,食品类,490103,食品营养与健康,4901,MAJOR,中华人民共和国教育部
MOE_VOCATIONAL_2021,VOCATIONAL_ASSOCIATE,49,食品药品与粮食大类,4901,食品类,490104,食品检验检测技术,4901,MAJOR,中华人民共和国教育部
MOE_VOCATIONAL_2021,VOCATIONAL_ASSOCIATE,49,食品药品与粮食大类,4901,食品类,490105,酿酒技术,4901,MAJOR,中华人民共和国教育部
MOE_VOCATIONAL_2021,VOCATIONAL_ASSOCIATE,49,食品药品与粮食大类,4901,食品类,490106,食品贮运与营销,4901,MAJOR,中华人民共和国教育部
MOE_VOCATIONAL_2021,VOCATIONAL_ASSOCIATE,49,食品药品与粮食大类,4902,药品与医疗器械类,4902,药品与医疗器械类,49,CLASS,中华人民共和国教育部
MOE_VOCATIONAL_2021,VOCATIONAL_ASSOCIATE,49,食品药品与粮食大类,4902,药品与医疗器械类,490201,药品生产技术,4902,MAJOR,中华人民共和国教育部
MOE_VOCATIONAL_2021,VOCATIONAL_ASSOCIATE,49,食品药品与粮食大类,4902,药品与医疗器械类,490202,生物制药技术,4902,MAJOR,中华人民共和国教育部
MOE_VOCATIONAL_2021,VOCATIONAL_ASSOCIATE,49,食品药品与粮食大类,4902,药品与医疗器械类,490203,药物制剂技术,4902,MAJOR,中华人民共和国教育部
MOE_VOCATIONAL_2021,VOCATIONAL_ASSOCIATE,49,食品药品与粮食大类,4902,药品与医疗器械类,490204,化学制药技术,4902,MAJOR,中华人民共和国教育部
MOE_VOCATIONAL_2021,VOCATIONAL_ASSOCIATE,49,食品药品与粮食大类,4902,药品与医疗器械类,490205,兽药制药技术,4902,MAJOR,中华人民共和国教育部
MOE_VOCATIONAL_2021,VOCATIONAL_ASSOCIATE,49,食品药品与粮食大类,4902,药品与医疗器械类,490206,药品质量与安全,4902,MAJOR,中华人民共和国教育部
MOE_VOCATIONAL_2021,VOCATIONAL_ASSOCIATE,49,食品药品与粮食大类,4902,药品与医疗器械类,490207,制药设备应用技术,4902,MAJOR,中华人民共和国教育部
MOE_VOCATIONAL_2021,VOCATIONAL_ASSOCIATE,49,食品药品与粮食大类,4902,药品与医疗器械类,490208,药品经营与管理,4902,MAJOR,中华人民共和国教育部
MOE_VOCATIONAL_2021,VOCATIONAL_ASSOCIATE,49,食品药品与粮食大类,4902,药品与医疗器械类,490209,食品药品监督管理,4902,MAJOR,中华人民共和国教育部
MOE_VOCATIONAL_2021,VOCATIONAL_ASSOCIATE,49,食品药品与粮食大类,4902,药品与医疗器械类,490210,智能医疗装备技术,4902,MAJOR,中华人民共和国教育部
MOE_VOCATIONAL_2021,VOCATIONAL_ASSOCIATE,49,食品药品与粮食大类,4902,药品与医疗器械类,490211,医用电子仪器技术,4902,MAJOR,中华人民共和国教育部
MOE_VOCATIONAL_2021,VOCATIONAL_ASSOCIATE,49,食品药品与粮食大类,4902,药品与医疗器械类,490212,医用材料与应用,4902,MAJOR,中华人民共和国教育部
MOE_VOCATIONAL_2021,VOCATIONAL_ASSOCIATE,49,食品药品与粮食大类,4902,药品与医疗器械类,490213,医疗器械维护与管理,4902,MAJOR,中华人民共和国教育部
MOE_VOCATIONAL_2021,VOCATIONAL_ASSOCIATE,49,食品药品与粮食大类,4902,药品与医疗器械类,490214,医疗器械经营与服务,4902,MAJOR,中华人民共和国教育部
MOE_VOCATIONAL_2021,VOCATIONAL_ASSOCIATE,49,食品药品与粮食大类,4902,药品与医疗器械类,490215,康复工程技术,4902,MAJOR,中华人民共和国教育部
MOE_VOCATIONAL_2021,VOCATIONAL_ASSOCIATE,49,食品药品与粮食大类,4902,药品与医疗器械类,490216,保健食品质量与管理,4902,MAJOR,中华人民共和国教育部
MOE_VOCATIONAL_2021,VOCATIONAL_ASSOCIATE,49,食品药品与粮食大类,4902,药品与医疗器械类,490217,化妆品经营与管理,4902,MAJOR,中华人民共和国教育部
MOE_VOCATIONAL_2021,VOCATIONAL_ASSOCIATE,49,食品药品与粮食大类,4902,药品与医疗器械类,490218,化妆品质量与安全,4902,MAJOR,中华人民共和国教育部
MOE_VOCATIONAL_2021,VOCATIONAL_ASSOCIATE,49,食品药品与粮食大类,4903,粮食类,4903,粮食类,49,CLASS,中华人民共和国教育部
MOE_VOCATIONAL_2021,VOCATIONAL_ASSOCIATE,49,食品药品与粮食大类,4903,粮食类,490301,粮食工程技术与管理,4903,MAJOR,中华人民共和国教育部
MOE_VOCATIONAL_2021,VOCATIONAL_ASSOCIATE,49,食品药品与粮食大类,4903,粮食类,490302,粮食储运与质量安全,4903,MAJOR,中华人民共和国教育部
MOE_VOCATIONAL_2021,VOCATIONAL_ASSOCIATE,50,交通运输大类,,,50,交通运输大类,,CATEGORY,中华人民共和国教育部
MOE_VOCATIONAL_2021,VOCATIONAL_ASSOCIATE,50,交通运输大类,5001,铁道运输类,5001,铁道运输类,50,CLASS,中华人民共和国教育部
MOE_VOCATIONAL_2021,VOCATIONAL_ASSOCIATE,50,交通运输大类,5001,铁道运输类,500101,铁道工程技术,5001,MAJOR,中华人民共和国教育部
MOE_VOCATIONAL_2021,VOCATIONAL_ASSOCIATE,50,交通运输大类,5001,铁道运输类,500102,高速铁路施工与维护,5001,MAJOR,中华人民共和国教育部
MOE_VOCATIONAL_2021,VOCATIONAL_ASSOCIATE,50,交通运输大类,5001,铁道运输类,500103,铁道桥梁隧道工程技术,5001,MAJOR,中华人民共和国教育部
MOE_VOCATIONAL_2021,VOCATIONAL_ASSOCIATE,50,交通运输大类,5001,铁道运输类,500104,铁道养路机械应用技术,5001,MAJOR,中华人民共和国教育部
MOE_VOCATIONAL_2021,VOCATIONAL_ASSOCIATE,50,交通运输大类,5001,铁道运输类,500105,铁道机车运用与维护,5001,MAJOR,中华人民共和国教育部
MOE_VOCATIONAL_2021,VOCATIONAL_ASSOCIATE,50,交通运输大类,5001,铁道运输类,500106,铁道车辆技术,5001,MAJOR,中华人民共和国教育部
MOE_VOCATIONAL_2021,VOCATIONAL_ASSOCIATE,50,交通运输大类,5001,铁道运输类,500107,铁道供电技术,5001,MAJOR,中华人民共和国教育部
MOE_VOCATIONAL_2021,VOCATIONAL_ASSOCIATE,50,交通运输大类,5001,铁道运输类,500108,动车组检修技术,5001,MAJOR,中华人民共和国教育部
MOE_VOCATIONAL_2021,VOCATIONAL_ASSOCIATE,50,交通运输大类,5001,铁道运输类,500109,高速铁路综合维修技术,5001,MAJOR,中华人民共和国教育部
MOE_VOCATIONAL_2021,VOCATIONAL_ASSOCIATE,50,交通运输大类,5001,铁道运输类,500110,铁道信号自动控制,5001,MAJOR,中华人民共和国教育部
MOE_VOCATIONAL_2021,VOCATIONAL_ASSOCIATE,50,交通运输大类,5001,铁道运输类,500111,铁道通信与信息化技术,5001,MAJOR,中华人民共和国教育部
MOE_VOCATIONAL_2021,VOCATIONAL_ASSOCIATE,50,交通运输大类,5001,铁道运输类,500112,铁道交通运营管理,5001,MAJOR,中华人民共和国教育部
MOE_VOCATIONAL_2021,VOCATIONAL_ASSOCIATE,50,交通运输大类,5001,铁道运输类,500113,高速铁路客运服务,5001,MAJOR,中华人民共和国教育部
MOE_VOCATIONAL_2021,VOCATIONAL_ASSOCIATE,50,交通运输大类,5002,道路运输类,5002,道路运输类,50,CLASS,中华人民共和国教育部
MOE_VOCATIONAL_2021,VOCATIONAL_ASSOCIATE,50,交通运输大类,5002,道路运输类,500201,道路与桥梁工程技术,5002,MAJOR,中华人民共和国教育部
MOE_VOCATIONAL_2021,VOCATIONAL_ASSOCIATE,50,交通运输大类,5002,道路运输类,500202,道路机械化施工技术,5002,MAJOR,中华人民共和国教育部
MOE_VOCATIONAL_2021,VOCATIONAL_ASSOCIATE,50,交通运输大类,5002,道路运输类,500203,智能工程机械运用技术,5002,MAJOR,中华人民共和国教育部
MOE_VOCATIONAL_2021,VOCATIONAL_ASSOCIATE,50,交通运输大类,5002,道路运输类,500204,道路工程检测技术,5002,MAJOR,中华人民共和国教育部
MOE_VOCATIONAL_2021,VOCATIONAL_ASSOCIATE,50,交通运输大类,5002,道路运输类,500205,道路工程造价,5002,MAJOR,中华人民共和国教育部
MOE_VOCATIONAL_2021,VOCATIONAL_ASSOCIATE,50,交通运输大类,5002,道路运输类,500206,道路养护与管理,5002,MAJOR,中华人民共和国教育部
MOE_VOCATIONAL_2021,VOCATIONAL_ASSOCIATE,50,交通运输大类,5002,道路运输类,500207,智能交通技术,5002,MAJOR,中华人民共和国教育部
MOE_VOCATIONAL_2021,VOCATIONAL_ASSOCIATE,50,交通运输大类,5002,道路运输类,500208,道路运输管理,5002,MAJOR,中华人民共和国教育部
MOE_VOCATIONAL_2021,VOCATIONAL_ASSOCIATE,50,交通运输大类,5002,道路运输类,500209,交通运营管理,5002,MAJOR,中华人民共和国教育部
MOE_VOCATIONAL_2021,VOCATIONAL_ASSOCIATE,50,交通运输大类,5002,道路运输类,500210,汽车技术服务与营销,5002,MAJOR,中华人民共和国教育部
MOE_VOCATIONAL_2021,VOCATIONAL_ASSOCIATE,50,交通运输大类,5002,道路运输类,500211,汽车检测与维修技术,5002,MAJOR,中华人民共和国教育部
MOE_VOCATIONAL_2021,VOCATIONAL_ASSOCIATE,50,交通运输大类,5002,道路运输类,500212,新能源汽车检测与维修技术,5002,MAJOR,中华人民共和国教育部
MOE_VOCATIONAL_2021,VOCATIONAL_ASSOCIATE,50,交通运输大类,5003,水上运输类,5003,水上运输类,50,CLASS,中华人民共和国教育部
MOE_VOCATIONAL_2021,VOCATIONAL_ASSOCIATE,50,交通运输大类,5003,水上运输类,500301,航海技术,5003,MAJOR,中华人民共和国教育部
MOE_VOCATIONAL_2021,VOCATIONAL_ASSOCIATE,50,交通运输大类,5003,水上运输类,500302,港口与航道工程技术,5003,MAJOR,中华人民共和国教育部
MOE_VOCATIONAL_2021,VOCATIONAL_ASSOCIATE,50,交通运输大类,5003,水上运输类,500303,轮机工程技术,5003,MAJOR,中华人民共和国教育部
MOE_VOCATIONAL_2021,VOCATIONAL_ASSOCIATE,50,交通运输大类,5003,水上运输类,500304,国际邮轮乘务管理,5003,MAJOR,中华人民共和国教育部
MOE_VOCATIONAL_2021,VOCATIONAL_ASSOCIATE,50,交通运输大类,5003,水上运输类,500305,水路运输安全管理,5003,MAJOR,中华人民共和国教育部
MOE_VOCATIONAL_2021,VOCATIONAL_ASSOCIATE,50,交通运输大类,5003,水上运输类,500306,港口机械与智能控制,5003,MAJOR,中华人民共和国教育部
MOE_VOCATIONAL_2021,VOCATIONAL_ASSOCIATE,50,交通运输大类,5003,水上运输类,500307,港口与航运管理,5003,MAJOR,中华人民共和国教育部
MOE_VOCATIONAL_2021,VOCATIONAL_ASSOCIATE,50,交通运输大类,5003,水上运输类,500308,船舶电子电气技术,5003,MAJOR,中华人民共和国教育部
MOE_VOCATIONAL_2021,VOCATIONAL_ASSOCIATE,50,交通运输大类,5003,水上运输类,500309,船舶检验,5003,MAJOR,中华人民共和国教育部
MOE_VOCATIONAL_2021,VOCATIONAL_ASSOCIATE,50,交通运输大类,5003,水上运输类,500310,集装箱运输管理,5003,MAJOR,中华人民共和国教育部
MOE_VOCATIONAL_2021,VOCATIONAL_ASSOCIATE,50,交通运输大类,5004,航空运输类,5004,航空运输类,50,CLASS,中华人民共和国教育部
MOE_VOCATIONAL_2021,VOCATIONAL_ASSOCIATE,50,交通运输大类,5004,航空运输类,500401,民航运输服务,5004,MAJOR,中华人民共和国教育部
MOE_VOCATIONAL_2021,VOCATIONAL_ASSOCIATE,50,交通运输大类,5004,航空运输类,500402,民航通信技术,5004,MAJOR,中华人民共和国教育部
MOE_VOCATIONAL_2021,VOCATIONAL_ASSOCIATE,50,交通运输大类,5004,航空运输类,500403,定翼机驾驶技术,5004,MAJOR,中华人民共和国教育部
MOE_VOCATIONAL_2021,VOCATIONAL_ASSOCIATE,50,交通运输大类,5004,航空运输类,500404,直升机驾驶技术,5004,MAJOR,中华人民共和国教育部
MOE_VOCATIONAL_2021,VOCATIONAL_ASSOCIATE,50,交通运输大类,5004,航空运输类,500405,空中乘务,5004,MAJOR,中华人民共和国教育部
MOE_VOCATIONAL_2021,VOCATIONAL_ASSOCIATE,50,交通运输大类,5004,航空运输类,500406,民航安全技术管理,5004,MAJOR,中华人民共和国教育部
MOE_VOCATIONAL_2021,VOCATIONAL_ASSOCIATE,50,交通运输大类,5004,航空运输类,500407,民航空中安全保卫,5004,MAJOR,中华人民共和国教育部
MOE_VOCATIONAL_2021,VOCATIONAL_ASSOCIATE,50,交通运输大类,5004,航空运输类,500408,机场运行服务与管理,5004,MAJOR,中华人民共和国教育部
MOE_VOCATIONAL_2021,VOCATIONAL_ASSOCIATE,50,交通运输大类,5004,航空运输类,500409,飞机机电设备维修,5004,MAJOR,中华人民共和国教育部
MOE_VOCATIONAL_2021,VOCATIONAL_ASSOCIATE,50,交通运输大类,5004,航空运输类,500410,飞机电子设备维修,5004,MAJOR,中华人民共和国教育部
MOE_VOCATIONAL_2021,VOCATIONAL_ASSOCIATE,50,交通运输大类,5004,航空运输类,500411,飞机部件修理,5004,MAJOR,中华人民共和国教育部
MOE_VOCATIONAL_2021,VOCATIONAL_ASSOCIATE,50,交通运输大类,5004,航空运输类,500412,通用航空器维修,5004,MAJOR,中华人民共和国教育部
MOE_VOCATIONAL_2021,VOCATIONAL_ASSOCIATE,50,交通运输大类,5004,航空运输类,500413,飞机结构修理,5004,MAJOR,中华人民共和国教育部
MOE_VOCATIONAL_2021,VOCATIONAL_ASSOCIATE,50,交通运输大类,5004,航空运输类,500414,航空地面设备维修,5004,MAJOR,中华人民共和国教育部
MOE_VOCATIONAL_2021,VOCATIONAL_ASSOCIATE,50,交通运输大类,5004,航空运输类,500415,机场场务技术与管理,5004,MAJOR,中华人民共和国教育部
MOE_VOCATIONAL_2021,VOCATIONAL_ASSOCIATE,50,交通运输大类,5004,航空运输类,500416,通用航空航务技术,5004,MAJOR,中华人民共和国教育部
MOE_VOCATIONAL_2021,VOCATIONAL_ASSOCIATE,50,交通运输大类,5004,航空运输类,500417,航空油料,5004,MAJOR,中华人民共和国教育部
MOE_VOCATIONAL_2021,VOCATIONAL_ASSOCIATE,50,交通运输大类,5005,管道运输类,5005,管道运输类,50,CLASS,中华人民共和国教育部
MOE_VOCATIONAL_2021,VOCATIONAL_ASSOCIATE,50,交通运输大类,5005,管道运输类,500501,管道工程技术,5005,MAJOR,中华人民共和国教育部
MOE_VOCATIONAL_2021,VOCATIONAL_ASSOCIATE,50,交通运输大类,5005,管道运输类,500502,管道运输管理,5005,MAJOR,中华人民共和国教育部
MOE_VOCATIONAL_2021,VOCATIONAL_ASSOCIATE,50,交通运输大类,5006,城市轨道交通类,5006,城市轨道交通类,50,CLASS,中华人民共和国教育部
MOE_VOCATIONAL_2021,VOCATIONAL_ASSOCIATE,50,交通运输大类,5006,城市轨道交通类,500601,城市轨道交通工程技术,5006,MAJOR,中华人民共和国教育部
MOE_VOCATIONAL_2021,VOCATIONAL_ASSOCIATE,50,交通运输大类,5006,城市轨道交通类,500602,城市轨道车辆应用技术,5006,MAJOR,中华人民共和国教育部
MOE_VOCATIONAL_2021,VOCATIONAL_ASSOCIATE,50,交通运输大类,5006,城市轨道交通类,500603,城市轨道交通机电技术,5006,MAJOR,中华人民共和国教育部
MOE_VOCATIONAL_2021,VOCATIONAL_ASSOCIATE,50,交通运输大类,5006,城市轨道交通类,500604,城市轨道交通通信信号技术,5006,MAJOR,中华人民共和国教育部
MOE_VOCATIONAL_2021,VOCATIONAL_ASSOCIATE,50,交通运输大类,5006,城市轨道交通类,500605,城市轨道交通供配电技术,5006,MAJOR,中华人民共和国教育部
MOE_VOCATIONAL_2021,VOCATIONAL_ASSOCIATE,50,交通运输大类,5006,城市轨道交通类,500606,城市轨道交通运营管理,5006,MAJOR,中华人民共和国教育部
MOE_VOCATIONAL_2021,VOCATIONAL_ASSOCIATE,50,交通运输大类,5007,邮政类,5007,邮政类,50,CLASS,中华人民共和国教育部
MOE_VOCATIONAL_2021,VOCATIONAL_ASSOCIATE,50,交通运输大类,5007,邮政类,500701,邮政快递运营管理,5007,MAJOR,中华人民共和国教育部
MOE_VOCATIONAL_2021,VOCATIONAL_ASSOCIATE,50,交通运输大类,5007,邮政类,500702,邮政快递智能技术,5007,MAJOR,中华人民共和国教育部
MOE_VOCATIONAL_2021,VOCATIONAL_ASSOCIATE,50,交通运输大类,5007,邮政类,500703,邮政通信管理,5007,MAJOR,中华人民共和国教育部
MOE_VOCATIONAL_2021,VOCATIONAL_ASSOCIATE,51,电子与信息大类,,,51,电子与信息大类,,CATEGORY,中华人民共和国教育部
MOE_VOCATIONAL_2021,VOCATIONAL_ASSOCIATE,51,电子与信息大类,5101,电子信息类,5101,电子信息类,51,CLASS,中华人民共和国教育部
MOE_VOCATIONAL_2021,VOCATIONAL_ASSOCIATE,51,电子与信息大类,5101,电子信息类,510101,电子信息工程技术,5101,MAJOR,中华人民共和国教育部
MOE_VOCATIONAL_2021,VOCATIONAL_ASSOCIATE,51,电子与信息大类,5101,电子信息类,510102,物联网应用技术,5101,MAJOR,中华人民共和国教育部
MOE_VOCATIONAL_2021,VOCATIONAL_ASSOCIATE,51,电子与信息大类,5101,电子信息类,510103,应用电子技术,5101,MAJOR,中华人民共和国教育部
MOE_VOCATIONAL_2021,VOCATIONAL_ASSOCIATE,51,电子与信息大类,5101,电子信息类,510104,电子产品制造技术,5101,MAJOR,中华人民共和国教育部
MOE_VOCATIONAL_2021,VOCATIONAL_ASSOCIATE,51,电子与信息大类,5101,电子信息类,510105,电子产品检测技术,5101,MAJOR,中华人民共和国教育部
MOE_VOCATIONAL_2021,VOCATIONAL_ASSOCIATE,51,电子与信息大类,5101,电子信息类,510106,移动互联应用技术,5101,MAJOR,中华人民共和国教育部
MOE_VOCATIONAL_2021,VOCATIONAL_ASSOCIATE,51,电子与信息大类,5101,电子信息类,510107,汽车智能技术,5101,MAJOR,中华人民共和国教育部
MOE_VOCATIONAL_2021,VOCATIONAL_ASSOCIATE,51,电子与信息大类,5101,电子信息类,510108,智能产品开发与应用,5101,MAJOR,中华人民共和国教育部
MOE_VOCATIONAL_2021,VOCATIONAL_ASSOCIATE,51,电子与信息大类,5101,电子信息类,510109,智能光电技术应用,5101,MAJOR,中华人民共和国教育部
MOE_VOCATIONAL_2021,VOCATIONAL_ASSOCIATE,51,电子与信息大类,5101,电子信息类,510110,光电显示技术,5101,MAJOR,中华人民共和国教育部
MOE_VOCATIONAL_2021,VOCATIONAL_ASSOCIATE,51,电子与信息大类,5102,计算机类,5102,计算机类,51,CLASS,中华人民共和国教育部
MOE_VOCATIONAL_2021,VOCATIONAL_ASSOCIATE,51,电子与信息大类,5102,计算机类,510201,计算机应用技术,5102,MAJOR,中华人民共和国教育部
MOE_VOCATIONAL_2021,VOCATIONAL_ASSOCIATE,51,电子与信息大类,5102,计算机类,510202,计算机网络技术,5102,MAJOR,中华人民共和国教育部
MOE_VOCATIONAL_2021,VOCATIONAL_ASSOCIATE,51,电子与信息大类,5102,计算机类,510203,软件技术,5102,MAJOR,中华人民共和国教育部
MOE_VOCATIONAL_2021,VOCATIONAL_ASSOCIATE,51,电子与信息大类,5102,计算机类,510204,数字媒体技术,5102,MAJOR,中华人民共和国教育部
MOE_VOCATIONAL_2021,VOCATIONAL_ASSOCIATE,51,电子与信息大类,5102,计算机类,510205,大数据技术,5102,MAJOR,中华人民共和国教育部
MOE_VOCATIONAL_2021,VOCATIONAL_ASSOCIATE,51,电子与信息大类,5102,计算机类,510206,云计算技术应用,5102,MAJOR,中华人民共和国教育部
MOE_VOCATIONAL_2021,VOCATIONAL_ASSOCIATE,51,电子与信息大类,5102,计算机类,510207,信息安全技术应用,5102,MAJOR,中华人民共和国教育部
MOE_VOCATIONAL_2021,VOCATIONAL_ASSOCIATE,51,电子与信息大类,5102,计算机类,510208,虚拟现实技术应用,5102,MAJOR,中华人民共和国教育部
MOE_VOCATIONAL_2021,VOCATIONAL_ASSOCIATE,51,电子与信息大类,5102,计算机类,510209,人工智能技术应用,5102,MAJOR,中华人民共和国教育部
MOE_VOCATIONAL_2021,VOCATIONAL_ASSOCIATE,51,电子与信息大类,5102,计算机类,510210,嵌入式技术应用,5102,MAJOR,中华人民共和国教育部
MOE_VOCATIONAL_2021,VOCATIONAL_ASSOCIATE,51,电子与信息大类,5102,计算机类,510211,工业互联网技术,5102,MAJOR,中华人民共和国教育部
MOE_VOCATIONAL_2021,VOCATIONAL_ASSOCIATE,51,电子与信息大类,5102,计算机类,510212,区块链技术应用,5102,MAJOR,中华人民共和国教育部
MOE_VOCATIONAL_2021,VOCATIONAL_ASSOCIATE,51,电子与信息大类,5102,计算机类,510213,移动应用开发,5102,MAJOR,中华人民共和国教育部
MOE_VOCATIONAL_2021,VOCATIONAL_ASSOCIATE,51,电子与信息大类,5102,计算机类,510214,工业软件开发技术,5102,MAJOR,中华人民共和国教育部
MOE_VOCATIONAL_2021,VOCATIONAL_ASSOCIATE,51,电子与信息大类,5102,计算机类,510215,动漫制作技术,5102,MAJOR,中华人民共和国教育部
MOE_VOCATIONAL_2021,VOCATIONAL_ASSOCIATE,51,电子与信息大类,5102,计算机类,510216,密码技术应用,5102,MAJOR,中华人民共和国教育部
MOE_VOCATIONAL_2021,VOCATIONAL_ASSOCIATE,51,电子与信息大类,5103,通信类,5103,通信类,51,CLASS,中华人民共和国教育部
MOE_VOCATIONAL_2021,VOCATIONAL_ASSOCIATE,51,电子与信息大类,5103,通信类,510301,现代通信技术,5103,MAJOR,中华人民共和国教育部
MOE_VOCATIONAL_2021,VOCATIONAL_ASSOCIATE,51,电子与信息大类,5103,通信类,510302,现代移动通信技术,5103,MAJOR,中华人民共和国教育部
MOE_VOCATIONAL_2021,VOCATIONAL_ASSOCIATE,51,电子与信息大类,5103,通信类,510303,通信软件技术,5103,MAJOR,中华人民共和国教育部
MOE_VOCATIONAL_2021,VOCATIONAL_ASSOCIATE,51,电子与信息大类,5103,通信类,510304,卫星通信与导航技术,5103,MAJOR,中华人民共和国教育部
MOE_VOCATIONAL_2021,VOCATIONAL_ASSOCIATE,51,电子与信息大类,5103,通信类,510305,通信工程设计与监理,5103,MAJOR,中华人民共和国教育部
MOE_VOCATIONAL_2021,VOCATIONAL_ASSOCIATE,51,电子与信息大类,5103,通信类,510306,通信系统运行管理,5103,MAJOR,中华人民共和国教育部
MOE_VOCATIONAL_2021,VOCATIONAL_ASSOCIATE,51,电子与信息大类,5103,通信类,510307,智能互联网络技术,5103,MAJOR,中华人民共和国教育部
MOE_VOCATIONAL_2021,VOCATIONAL_ASSOCIATE,51,电子与信息大类,5103,通信类,510308,网络规划与优化技术,5103,MAJOR,中华人民共和国教育部
MOE_VOCATIONAL_2021,VOCATIONAL_ASSOCIATE,51,电子与信息大类,5103,通信类,510309,电信服务与管理,5103,MAJOR,中华人民共和国教育部
MOE_VOCATIONAL_2021,VOCATIONAL_ASSOCIATE,51,电子与信息大类,5104,集成电路类,5104,集成电路类,51,CLASS,中华人民共和国教育部
MOE_VOCATIONAL_2021,VOCATIONAL_ASSOCIATE,51,电子与信息大类,5104,集成电路类,510401,集成电路技术,5104,MAJOR,中华人民共和国教育部
MOE_VOCATIONAL_2021,VOCATIONAL_ASSOCIATE,51,电子与信息大类,5104,集成电路类,510402,微电子技术,5104,MAJOR,中华人民共和国教育部
MOE_VOCATIONAL_2021,VOCATIONAL_ASSOCIATE,52,医药卫生大类,,,52,医药卫生大类,,CATEGORY,中华人民共和国教育部
MOE_VOCATIONAL_2021,VOCATIONAL_ASSOCIATE,52,医药卫生大类,5201,临床医学类,5201,临床医学类,52,CLASS,中华人民共和国教育部
MOE_VOCATIONAL_2021,VOCATIONAL_ASSOCIATE,52,医药卫生大类,5201,临床医学类,520101K,临床医学,5201,MAJOR,中华人民共和国教育部
MOE_VOCATIONAL_2021,VOCATIONAL_ASSOCIATE,52,医药卫生大类,5201,临床医学类,520102K,口腔医学,5201,MAJOR,中华人民共和国教育部
MOE_VOCATIONAL_2021,VOCATIONAL_ASSOCIATE,52,医药卫生大类,5202,护理类,5202,护理类,52,CLASS,中华人民共和国教育部
MOE_VOCATIONAL_2021,VOCATIONAL_ASSOCIATE,52,医药卫生大类,5202,护理类,520201,护理,5202,MAJOR,中华人民共和国教育部
MOE_VOCATIONAL_2021,VOCATIONAL_ASSOCIATE,52,医药卫生大类,5202,护理类,520202,助产,5202,MAJOR,中华人民共和国教育部
MOE_VOCATIONAL_2021,VOCATIONAL_ASSOCIATE,52,医药卫生大类,5203,药学类,5203,药学类,52,CLASS,中华人民共和国教育部
MOE_VOCATIONAL_2021,VOCATIONAL_ASSOCIATE,52,医药卫生大类,5203,药学类,520301,药学,5203,MAJOR,中华人民共和国教育部
MOE_VOCATIONAL_2021,VOCATIONAL_ASSOCIATE,52,医药卫生大类,5204,中医药类,5204,中医药类,52,CLASS,中华人民共和国教育部
MOE_VOCATIONAL_2021,VOCATIONAL_ASSOCIATE,52,医药卫生大类,5204,中医药类,520401K,中医学,5204,MAJOR,中华人民共和国教育部
MOE_VOCATIONAL_2021,VOCATIONAL_ASSOCIATE,52,医药卫生大类,5204,中医药类,520402K,中医骨伤,5204,MAJOR,中华人民共和国教育部
MOE_VOCATIONAL_2021,VOCATIONAL_ASSOCIATE,52,医药卫生大类,5204,中医药类,520403K,针灸推拿,5204,MAJOR,中华人民共和国教育部
MOE_VOCATIONAL_2021,VOCATIONAL_ASSOCIATE,52,医药卫生大类,5204,中医药类,520404K,蒙医学,5204,MAJOR,中华人民共和国教育部
MOE_VOCATIONAL_2021,VOCATIONAL_ASSOCIATE,52,医药卫生大类,5204,中医药类,520405K,藏医学,5204,MAJOR,中华人民共和国教育部
MOE_VOCATIONAL_2021,VOCATIONAL_ASSOCIATE,52,医药卫生大类,5204,中医药类,520406K,维医学,5204,MAJOR,中华人民共和国教育部
MOE_VOCATIONAL_2021,VOCATIONAL_ASSOCIATE,52,医药卫生大类,5204,中医药类,520407K,傣医学,5204,MAJOR,中华人民共和国教育部
MOE_VOCATIONAL_2021,VOCATIONAL_ASSOCIATE,52,医药卫生大类,5204,中医药类,520408K,哈医学,5204,MAJOR,中华人民共和国教育部
MOE_VOCATIONAL_2021,VOCATIONAL_ASSOCIATE,52,医药卫生大类,5204,中医药类,520409K,朝医学,5204,MAJOR,中华人民共和国教育部
MOE_VOCATIONAL_2021,VOCATIONAL_ASSOCIATE,52,医药卫生大类,5204,中医药类,520410,中药学,5204,MAJOR,中华人民共和国教育部
MOE_VOCATIONAL_2021,VOCATIONAL_ASSOCIATE,52,医药卫生大类,5204,中医药类,520411,蒙药学,5204,MAJOR,中华人民共和国教育部
MOE_VOCATIONAL_2021,VOCATIONAL_ASSOCIATE,52,医药卫生大类,5204,中医药类,520412,维药学,5204,MAJOR,中华人民共和国教育部
MOE_VOCATIONAL_2021,VOCATIONAL_ASSOCIATE,52,医药卫生大类,5204,中医药类,520413,藏药学,5204,MAJOR,中华人民共和国教育部
MOE_VOCATIONAL_2021,VOCATIONAL_ASSOCIATE,52,医药卫生大类,5204,中医药类,520414,中药材生产与加工,5204,MAJOR,中华人民共和国教育部
MOE_VOCATIONAL_2021,VOCATIONAL_ASSOCIATE,52,医药卫生大类,5204,中医药类,520415,中药制药,5204,MAJOR,中华人民共和国教育部
MOE_VOCATIONAL_2021,VOCATIONAL_ASSOCIATE,52,医药卫生大类,5204,中医药类,520416,中医康复技术,5204,MAJOR,中华人民共和国教育部
MOE_VOCATIONAL_2021,VOCATIONAL_ASSOCIATE,52,医药卫生大类,5204,中医药类,520417,中医养生保健,5204,MAJOR,中华人民共和国教育部
MOE_VOCATIONAL_2021,VOCATIONAL_ASSOCIATE,52,医药卫生大类,5204,中医药类,520418,药膳与食疗,5204,MAJOR,中华人民共和国教育部
MOE_VOCATIONAL_2021,VOCATIONAL_ASSOCIATE,52,医药卫生大类,5205,医学技术类,5205,医学技术类,52,CLASS,中华人民共和国教育部
MOE_VOCATIONAL_2021,VOCATIONAL_ASSOCIATE,52,医药卫生大类,5205,医学技术类,520501,医学检验技术,5205,MAJOR,中华人民共和国教育部
MOE_VOCATIONAL_2021,VOCATIONAL_ASSOCIATE,52,医药卫生大类,5205,医学技术类,520502,医学影像技术,5205,MAJOR,中华人民共和国教育部
MOE_VOCATIONAL_2021,VOCATIONAL_ASSOCIATE,52,医药卫生大类,5205,医学技术类,520503,医学生物技术,5205,MAJOR,中华人民共和国教育部
MOE_VOCATIONAL_2021,VOCATIONAL_ASSOCIATE,52,医药卫生大类,5205,医学技术类,520504,口腔医学技术,5205,MAJOR,中华人民共和国教育部
MOE_VOCATIONAL_2021,VOCATIONAL_ASSOCIATE,52,医药卫生大类,5205,医学技术类,520505,放射治疗技术,5205,MAJOR,中华人民共和国教育部
MOE_VOCATIONAL_2021,VOCATIONAL_ASSOCIATE,52,医药卫生大类,5205,医学技术类,520506,呼吸治疗技术,5205,MAJOR,中华人民共和国教育部
MOE_VOCATIONAL_2021,VOCATIONAL_ASSOCIATE,52,医药卫生大类,5205,医学技术类,520507,医学美容技术,5205,MAJOR,中华人民共和国教育部
MOE_VOCATIONAL_2021,VOCATIONAL_ASSOCIATE,52,医药卫生大类,5205,医学技术类,520508,卫生检验与检疫技术,5205,MAJOR,中华人民共和国教育部
MOE_VOCATIONAL_2021,VOCATIONAL_ASSOCIATE,52,医药卫生大类,5206,康复治疗类,5206,康复治疗类,52,CLASS,中华人民共和国教育部
MOE_VOCATIONAL_2021,VOCATIONAL_ASSOCIATE,52,医药卫生大类,5206,康复治疗类,520601,康复治疗技术,5206,MAJOR,中华人民共和国教育部
MOE_VOCATIONAL_2021,VOCATIONAL_ASSOCIATE,52,医药卫生大类,5206,康复治疗类,520602,康复辅助器具技术,5206,MAJOR,中华人民共和国教育部
MOE_VOCATIONAL_2021,VOCATIONAL_ASSOCIATE,52,医药卫生大类,5206,康复治疗类,520603,言语听觉康复技术,5206,MAJOR,中华人民共和国教育部
MOE_VOCATIONAL_2021,VOCATIONAL_ASSOCIATE,52,医药卫生大类,5207,公共卫生与卫生管理类,5207,公共卫生与卫生管理类,52,CLASS,中华人民共和国教育部
MOE_VOCATIONAL_2021,VOCATIONAL_ASSOCIATE,52,医药卫生大类,5207,公共卫生与卫生管理类,520701,公共卫生管理,5207,MAJOR,中华人民共和国教育部
MOE_VOCATIONAL_2021,VOCATIONAL_ASSOCIATE,52,医药卫生大类,5207,公共卫生与卫生管理类,520702,卫生信息管理,5207,MAJOR,中华人民共和国教育部
MOE_VOCATIONAL_2021,VOCATIONAL_ASSOCIATE,52,医药卫生大类,5207,公共卫生与卫生管理类,520703K,预防医学,5207,MAJOR,中华人民共和国教育部
MOE_VOCATIONAL_2021,VOCATIONAL_ASSOCIATE,52,医药卫生大类,5207,公共卫生与卫生管理类,520704,健康大数据管理与服务,5207,MAJOR,中华人民共和国教育部
MOE_VOCATIONAL_2021,VOCATIONAL_ASSOCIATE,52,医药卫生大类,5208,健康管理与促进类,5208,健康管理与促进类,52,CLASS,中华人民共和国教育部
MOE_VOCATIONAL_2021,VOCATIONAL_ASSOCIATE,52,医药卫生大类,5208,健康管理与促进类,520801,健康管理,5208,MAJOR,中华人民共和国教育部
MOE_VOCATIONAL_2021,VOCATIONAL_ASSOCIATE,52,医药卫生大类,5208,健康管理与促进类,520802,婴幼儿托育服务与管理,5208,MAJOR,中华人民共和国教育部
MOE_VOCATIONAL_2021,VOCATIONAL_ASSOCIATE,52,医药卫生大类,5208,健康管理与促进类,520803,老年保健与管理,5208,MAJOR,中华人民共和国教育部
MOE_VOCATIONAL_2021,VOCATIONAL_ASSOCIATE,52,医药卫生大类,5208,健康管理与促进类,520804,心理咨询,5208,MAJOR,中华人民共和国教育部
MOE_VOCATIONAL_2021,VOCATIONAL_ASSOCIATE,52,医药卫生大类,5208,健康管理与促进类,520805,医学营养,5208,MAJOR,中华人民共和国教育部
MOE_VOCATIONAL_2021,VOCATIONAL_ASSOCIATE,52,医药卫生大类,5208,健康管理与促进类,520806,生殖健康管理,5208,MAJOR,中华人民共和国教育部
MOE_VOCATIONAL_2021,VOCATIONAL_ASSOCIATE,52,医药卫生大类,5209,眼视光类,5209,眼视光类,52,CLASS,中华人民共和国教育部
MOE_VOCATIONAL_2021,VOCATIONAL_ASSOCIATE,52,医药卫生大类,5209,眼视光类,520901,眼视光技术,5209,MAJOR,中华人民共和国教育部
MOE_VOCATIONAL_2021,VOCATIONAL_ASSOCIATE,52,医药卫生大类,5209,眼视光类,520902,眼视光仪器技术,5209,MAJOR,中华人民共和国教育部
MOE_VOCATIONAL_2021,VOCATIONAL_ASSOCIATE,52,医药卫生大类,5209,眼视光类,520903,视觉训练与康复,5209,MAJOR,中华人民共和国教育部
MOE_VOCATIONAL_2021,VOCATIONAL_ASSOCIATE,53,财经商贸大类,,,53,财经商贸大类,,CATEGORY,中华人民共和国教育部
MOE_VOCATIONAL_2021,VOCATIONAL_ASSOCIATE,53,财经商贸大类,5301,财政税务类,5301,财政税务类,53,CLASS,中华人民共和国教育部
MOE_VOCATIONAL_2021,VOCATIONAL_ASSOCIATE,53,财经商贸大类,5301,财政税务类,530101,财税大数据应用,5301,MAJOR,中华人民共和国教育部
MOE_VOCATIONAL_2021,VOCATIONAL_ASSOCIATE,53,财经商贸大类,5301,财政税务类,530102,资产评估与管理,5301,MAJOR,中华人民共和国教育部
MOE_VOCATIONAL_2021,VOCATIONAL_ASSOCIATE,53,财经商贸大类,5301,财政税务类,530103,政府采购管理,5301,MAJOR,中华人民共和国教育部
MOE_VOCATIONAL_2021,VOCATIONAL_ASSOCIATE,53,财经商贸大类,5302,金融类,5302,金融类,53,CLASS,中华人民共和国教育部
MOE_VOCATIONAL_2021,VOCATIONAL_ASSOCIATE,53,财经商贸大类,5302,金融类,530201,金融服务与管理,5302,MAJOR,中华人民共和国教育部
MOE_VOCATIONAL_2021,VOCATIONAL_ASSOCIATE,53,财经商贸大类,5302,金融类,530202,金融科技应用,5302,MAJOR,中华人民共和国教育部
MOE_VOCATIONAL_2021,VOCATIONAL_ASSOCIATE,53,财经商贸大类,5302,金融类,530203,保险实务,5302,MAJOR,中华人民共和国教育部
MOE_VOCATIONAL_2021,VOCATIONAL_ASSOCIATE,53,财经商贸大类,5302,金融类,530204,信用管理,5302,MAJOR,中华人民共和国教育部
MOE_VOCATIONAL_2021,VOCATIONAL_ASSOCIATE,53,财经商贸大类,5302,金融类,530205,财富管理,5302,MAJOR,中华人民共和国教育部
MOE_VOCATIONAL_2021,VOCATIONAL_ASSOCIATE,53,财经商贸大类,5302,金融类,530206,证券实务,5302,MAJOR,中华人民共和国教育部
MOE_VOCATIONAL_2021,VOCATIONAL_ASSOCIATE,53,财经商贸大类,5302,金融类,530207,国际金融,5302,MAJOR,中华人民共和国教育部
MOE_VOCATIONAL_2021,VOCATIONAL_ASSOCIATE,53,财经商贸大类,5302,金融类,530208,农村金融,5302,MAJOR,中华人民共和国教育部
MOE_VOCATIONAL_2021,VOCATIONAL_ASSOCIATE,53,财经商贸大类,5303,财务会计类,5303,财务会计类,53,CLASS,中华人民共和国教育部
MOE_VOCATIONAL_2021,VOCATIONAL_ASSOCIATE,53,财经商贸大类,5303,财务会计类,530301,大数据与财务管理,5303,MAJOR,中华人民共和国教育部
MOE_VOCATIONAL_2021,VOCATIONAL_ASSOCIATE,53,财经商贸大类,5303,财务会计类,530302,大数据与会计,5303,MAJOR,中华人民共和国教育部
MOE_VOCATIONAL_2021,VOCATIONAL_ASSOCIATE,53,财经商贸大类,5303,财务会计类,530303,大数据与审计,5303,MAJOR,中华人民共和国教育部
MOE_VOCATIONAL_2021,VOCATIONAL_ASSOCIATE,53,财经商贸大类,5303,财务会计类,530304,会计信息管理,5303,MAJOR,中华人民共和国教育部
MOE_VOCATIONAL_2021,VOCATIONAL_ASSOCIATE,53,财经商贸大类,5304,统计类,5304,统计类,53,CLASS,中华人民共和国教育部
MOE_VOCATIONAL_2021,VOCATIONAL_ASSOCIATE,53,财经商贸大类,5304,统计类,530401,统计与大数据分析,5304,MAJOR,中华人民共和国教育部
MOE_VOCATIONAL_2021,VOCATIONAL_ASSOCIATE,53,财经商贸大类,5304,统计类,530402,统计与会计核算,5304,MAJOR,中华人民共和国教育部
MOE_VOCATIONAL_2021,VOCATIONAL_ASSOCIATE,53,财经商贸大类,5304,统计类,530403,市场调查与统计分析,5304,MAJOR,中华人民共和国教育部
MOE_VOCATIONAL_2021,VOCATIONAL_ASSOCIATE,53,财经商贸大类,5305,经济贸易类,5305,经济贸易类,53,CLASS,中华人民共和国教育部
MOE_VOCATIONAL_2021,VOCATIONAL_ASSOCIATE,53,财经商贸大类,5305,经济贸易类,530501,国际经济与贸易,5305,MAJOR,中华人民共和国教育部
MOE_VOCATIONAL_2021,VOCATIONAL_ASSOCIATE,53,财经商贸大类,5305,经济贸易类,530502,国际商务,5305,MAJOR,中华人民共和国教育部
MOE_VOCATIONAL_2021,VOCATIONAL_ASSOCIATE,53,财经商贸大类,5305,经济贸易类,530503,关务与外贸服务,5305,MAJOR,中华人民共和国教育部
MOE_VOCATIONAL_2021,VOCATIONAL_ASSOCIATE,53,财经商贸大类,5305,经济贸易类,530504,服务外包,5305,MAJOR,中华人民共和国教育部
MOE_VOCATIONAL_2021,VOCATIONAL_ASSOCIATE,53,财经商贸大类,5305,经济贸易类,530505,国际文化贸易,5305,MAJOR,中华人民共和国教育部
MOE_VOCATIONAL_2021,VOCATIONAL_ASSOCIATE,53,财经商贸大类,5306,工商管理类,5306,工商管理类,53,CLASS,中华人民共和国教育部
MOE_VOCATIONAL_2021,VOCATIONAL_ASSOCIATE,53,财经商贸大类,5306,工商管理类,530601,工商企业管理,5306,MAJOR,中华人民共和国教育部
MOE_VOCATIONAL_2021,VOCATIONAL_ASSOCIATE,53,财经商贸大类,5306,工商管理类,530602,连锁经营与管理,5306,MAJOR,中华人民共和国教育部
MOE_VOCATIONAL_2021,VOCATIONAL_ASSOCIATE,53,财经商贸大类,5306,工商管理类,530603,商务管理,5306,MAJOR,中华人民共和国教育部
MOE_VOCATIONAL_2021,VOCATIONAL_ASSOCIATE,53,财经商贸大类,5306,工商管理类,530604,中小企业创业与经营,5306,MAJOR,中华人民共和国教育部
MOE_VOCATIONAL_2021,VOCATIONAL_ASSOCIATE,53,财经商贸大类,5306,工商管理类,530605,市场营销,5306,MAJOR,中华人民共和国教育部
MOE_VOCATIONAL_2021,VOCATIONAL_ASSOCIATE,53,财经商贸大类,5307,电子商务类,5307,电子商务类,53,CLASS,中华人民共和国教育部
MOE_VOCATIONAL_2021,VOCATIONAL_ASSOCIATE,53,财经商贸大类,5307,电子商务类,530701,电子商务,5307,MAJOR,中华人民共和国教育部
MOE_VOCATIONAL_2021,VOCATIONAL_ASSOCIATE,53,财经商贸大类,5307,电子商务类,530702,跨境电子商务,5307,MAJOR,中华人民共和国教育部
MOE_VOCATIONAL_2021,VOCATIONAL_ASSOCIATE,53,财经商贸大类,5307,电子商务类,530703,移动商务,5307,MAJOR,中华人民共和国教育部
MOE_VOCATIONAL_2021,VOCATIONAL_ASSOCIATE,53,财经商贸大类,5307,电子商务类,530704,网络营销与直播电商,5307,MAJOR,中华人民共和国教育部
MOE_VOCATIONAL_2021,VOCATIONAL_ASSOCIATE,53,财经商贸大类,5307,电子商务类,530705,农村电子商务,5307,MAJOR,中华人民共和国教育部
MOE_VOCATIONAL_2021,VOCATIONAL_ASSOCIATE,53,财经商贸大类,5307,电子商务类,530706,商务数据分析与应用,5307,MAJOR,中华人民共和国教育部
MOE_VOCATIONAL_2021,VOCATIONAL_ASSOCIATE,53,财经商贸大类,5308,物流类,5308,物流类,53,CLASS,中华人民共和国教育部
MOE_VOCATIONAL_2021,VOCATIONAL_ASSOCIATE,53,财经商贸大类,5308,物流类,530801,物流工程技术,5308,MAJOR,中华人民共和国教育部
MOE_VOCATIONAL_2021,VOCATIONAL_ASSOCIATE,53,财经商贸大类,5308,物流类,530802,现代物流管理,5308,MAJOR,中华人民共和国教育部
MOE_VOCATIONAL_2021,VOCATIONAL_ASSOCIATE,53,财经商贸大类,5308,物流类,530803,航空物流管理,5308,MAJOR,中华人民共和国教育部
MOE_VOCATIONAL_2021,VOCATIONAL_ASSOCIATE,53,财经商贸大类,5308,物流类,530804,铁路物流管理,5308,MAJOR,中华人民共和国教育部
MOE_VOCATIONAL_2021,VOCATIONAL_ASSOCIATE,53,财经商贸大类,5308,物流类,530805,冷链物流技术与管理,5308,MAJOR,中华人民共和国教育部
MOE_VOCATIONAL_2021,VOCATIONAL_ASSOCIATE,53,财经商贸大类,5308,物流类,530806,港口物流管理,5308,MAJOR,中华人民共和国教育部
MOE_VOCATIONAL_2021,VOCATIONAL_ASSOCIATE,53,财经商贸大类,5308,物流类,530807,工程物流管理,5308,MAJOR,中华人民共和国教育部
MOE_VOCATIONAL_2021,VOCATIONAL_ASSOCIATE,53,财经商贸大类,5308,物流类,530808,采购与供应管理,5308,MAJOR,中华人民共和国教育部
MOE_VOCATIONAL_2021,VOCATIONAL_ASSOCIATE,53,财经商贸大类,5308,物流类,530809,智能物流技术,5308,MAJOR,中华人民共和国教育部
MOE_VOCATIONAL_2021,VOCATIONAL_ASSOCIATE,53,财经商贸大类,5308,物流类,530810,供应链运营,5308,MAJOR,中华人民共和国教育部
MOE_VOCATIONAL_2021,VOCATIONAL_ASSOCIATE,54,旅游大类,,,54,旅游大类,,CATEGORY,中华人民共和国教育部
MOE_VOCATIONAL_2021,VOCATIONAL_ASSOCIATE,54,旅游大类,5401,旅游类,5401,旅游类,54,CLASS,中华人民共和国教育部
MOE_VOCATIONAL_2021,VOCATIONAL_ASSOCIATE,54,旅游大类,5401,旅游类,540101,旅游管理,5401,MAJOR,中华人民共和国教育部
MOE_VOCATIONAL_2021,VOCATIONAL_ASSOCIATE,54,旅游大类,5401,旅游类,540102,导游,5401,MAJOR,中华人民共和国教育部
MOE_VOCATIONAL_2021,VOCATIONAL_ASSOCIATE,54,旅游大类,5401,旅游类,540103,旅行社经营与管理,5401,MAJOR,中华人民共和国教育部
MOE_VOCATIONAL_2021,VOCATIONAL_ASSOCIATE,54,旅游大类,5401,旅游类,540104,定制旅行管理与服务,5401,MAJOR,中华人民共和国教育部
MOE_VOCATIONAL_2021,VOCATIONAL_ASSOCIATE,54,旅游大类,5401,旅游类,540105,研学旅行管理与服务,5401,MAJOR,中华人民共和国教育部
MOE_VOCATIONAL_2021,VOCATIONAL_ASSOCIATE,54,旅游大类,5401,旅游类,540106,酒店管理与数字化运营,5401,MAJOR,中华人民共和国教育部
MOE_VOCATIONAL_2021,VOCATIONAL_ASSOCIATE,54,旅游大类,5401,旅游类,540107,民宿管理与运营,5401,MAJOR,中华人民共和国教育部
MOE_VOCATIONAL_2021,VOCATIONAL_ASSOCIATE,54,旅游大类,5401,旅游类,540108,葡萄酒文化与营销,5401,MAJOR,中华人民共和国教育部
MOE_VOCATIONAL_2021,VOCATIONAL_ASSOCIATE,54,旅游大类,5401,旅游类,540109,茶艺与茶文化,5401,MAJOR,中华人民共和国教育部
MOE_VOCATIONAL_2021,VOCATIONAL_ASSOCIATE,54,旅游大类,5401,旅游类,540110,智慧景区开发与管理,5401,MAJOR,中华人民共和国教育部
MOE_VOCATIONAL_2021,VOCATIONAL_ASSOCIATE,54,旅游大类,5401,旅游类,540111,智慧旅游技术应用,5401,MAJOR,中华人民共和国教育部
MOE_VOCATIONAL_2021,VOCATIONAL_ASSOCIATE,54,旅游大类,5401,旅游类,540112,会展策划与管理,5401,MAJOR,中华人民共和国教育部
MOE_VOCATIONAL_2021,VOCATIONAL_ASSOCIATE,54,旅游大类,5401,旅游类,540113,休闲服务与管理,5401,MAJOR,中华人民共和国教育部
MOE_VOCATIONAL_2021,VOCATIONAL_ASSOCIATE,54,旅游大类,5402,餐饮类,5402,餐饮类,54,CLASS,中华人民共和国教育部
MOE_VOCATIONAL_2021,VOCATIONAL_ASSOCIATE,54,旅游大类,5402,餐饮类,540201,餐饮智能管理,5402,MAJOR,中华人民共和国教育部
MOE_VOCATIONAL_2021,VOCATIONAL_ASSOCIATE,54,旅游大类,5402,餐饮类,540202,烹饪工艺与营养,5402,MAJOR,中华人民共和国教育部
MOE_VOCATIONAL_2021,VOCATIONAL_ASSOCIATE,54,旅游大类,5402,餐饮类,540203,中西面点工艺,5402,MAJOR,中华人民共和国教育部
MOE_VOCATIONAL_2021,VOCATIONAL_ASSOCIATE,54,旅游大类,5402,餐饮类,540204,西式烹饪工艺,5402,MAJOR,中华人民共和国教育部
MOE_VOCATIONAL_2021,VOCATIONAL_ASSOCIATE,54,旅游大类,5402,餐饮类,540205,营养配餐,5402,MAJOR,中华人民共和国教育部
MOE_VOCATIONAL_2021,VOCATIONAL_ASSOCIATE,55,文化艺术大类,,,55,文化艺术大类,,CATEGORY,中华人民共和国教育部
MOE_VOCATIONAL_2021,VOCATIONAL_ASSOCIATE,55,文化艺术大类,5501,艺术设计类,5501,艺术设计类,55,CLASS,中华人民共和国教育部
MOE_VOCATIONAL_2021,VOCATIONAL_ASSOCIATE,55,文化艺术大类,5501,艺术设计类,550101,艺术设计,5501,MAJOR,中华人民共和国教育部
MOE_VOCATIONAL_2021,VOCATIONAL_ASSOCIATE,55,文化艺术大类,5501,艺术设计类,550102,视觉传达设计,5501,MAJOR,中华人民共和国教育部
MOE_VOCATIONAL_2021,VOCATIONAL_ASSOCIATE,55,文化艺术大类,5501,艺术设计类,550103,数字媒体艺术设计,5501,MAJOR,中华人民共和国教育部
MOE_VOCATIONAL_2021,VOCATIONAL_ASSOCIATE,55,文化艺术大类,5501,艺术设计类,550104,产品艺术设计,5501,MAJOR,中华人民共和国教育部
MOE_VOCATIONAL_2021,VOCATIONAL_ASSOCIATE,55,文化艺术大类,5501,艺术设计类,550105,服装与服饰设计,5501,MAJOR,中华人民共和国教育部
MOE_VOCATIONAL_2021,VOCATIONAL_ASSOCIATE,55,文化艺术大类,5501,艺术设计类,550106,环境艺术设计,5501,MAJOR,中华人民共和国教育部
MOE_VOCATIONAL_2021,VOCATIONAL_ASSOCIATE,55,文化艺术大类,5501,艺术设计类,550107,书画艺术,5501,MAJOR,中华人民共和国教育部
MOE_VOCATIONAL_2021,VOCATIONAL_ASSOCIATE,55,文化艺术大类,5501,艺术设计类,550108,公共艺术设计,5501,MAJOR,中华人民共和国教育部
MOE_VOCATIONAL_2021,VOCATIONAL_ASSOCIATE,55,文化艺术大类,5501,艺术设计类,550109,游戏艺术设计,5501,MAJOR,中华人民共和国教育部
MOE_VOCATIONAL_2021,VOCATIONAL_ASSOCIATE,55,文化艺术大类,5501,艺术设计类,550110,展示艺术设计,5501,MAJOR,中华人民共和国教育部
MOE_VOCATIONAL_2021,VOCATIONAL_ASSOCIATE,55,文化艺术大类,5501,艺术设计类,550111,美容美体艺术,5501,MAJOR,中华人民共和国教育部
MOE_VOCATIONAL_2021,VOCATIONAL_ASSOCIATE,55,文化艺术大类,5501,艺术设计类,550112,工艺美术品设计,5501,MAJOR,中华人民共和国教育部
MOE_VOCATIONAL_2021,VOCATIONAL_ASSOCIATE,55,文化艺术大类,5501,艺术设计类,550113,广告艺术设计,5501,MAJOR,中华人民共和国教育部
MOE_VOCATIONAL_2021,VOCATIONAL_ASSOCIATE,55,文化艺术大类,5501,艺术设计类,550114,室内艺术设计,5501,MAJOR,中华人民共和国教育部
MOE_VOCATIONAL_2021,VOCATIONAL_ASSOCIATE,55,文化艺术大类,5501,艺术设计类,550115,家具艺术设计,5501,MAJOR,中华人民共和国教育部
MOE_VOCATIONAL_2021,VOCATIONAL_ASSOCIATE,55,文化艺术大类,5501,艺术设计类,550116,动漫设计,5501,MAJOR,中华人民共和国教育部
MOE_VOCATIONAL_2021,VOCATIONAL_ASSOCIATE,55,文化艺术大类,5501,艺术设计类,550117,人物形象设计,5501,MAJOR,中华人民共和国教育部
MOE_VOCATIONAL_2021,VOCATIONAL_ASSOCIATE,55,文化艺术大类,5501,艺术设计类,550118,摄影与摄像艺术,5501,MAJOR,中华人民共和国教育部
MOE_VOCATIONAL_2021,VOCATIONAL_ASSOCIATE,55,文化艺术大类,5501,艺术设计类,550119,雕刻艺术设计,5501,MAJOR,中华人民共和国教育部
MOE_VOCATIONAL_2021,VOCATIONAL_ASSOCIATE,55,文化艺术大类,5501,艺术设计类,550120,皮具艺术设计,5501,MAJOR,中华人民共和国教育部
MOE_VOCATIONAL_2021,VOCATIONAL_ASSOCIATE,55,文化艺术大类,5501,艺术设计类,550121,包装艺术设计,5501,MAJOR,中华人民共和国教育部
MOE_VOCATIONAL_2021,VOCATIONAL_ASSOCIATE,55,文化艺术大类,5501,艺术设计类,550122,陶瓷设计与工艺,5501,MAJOR,中华人民共和国教育部
MOE_VOCATIONAL_2021,VOCATIONAL_ASSOCIATE,55,文化艺术大类,5501,艺术设计类,550123,首饰设计与工艺,5501,MAJOR,中华人民共和国教育部
MOE_VOCATIONAL_2021,VOCATIONAL_ASSOCIATE,55,文化艺术大类,5501,艺术设计类,550124,玉器设计与工艺,5501,MAJOR,中华人民共和国教育部
MOE_VOCATIONAL_2021,VOCATIONAL_ASSOCIATE,55,文化艺术大类,5501,艺术设计类,550125,刺绣设计与工艺,5501,MAJOR,中华人民共和国教育部
MOE_VOCATIONAL_2021,VOCATIONAL_ASSOCIATE,55,文化艺术大类,5501,艺术设计类,550126,雕塑设计,5501,MAJOR,中华人民共和国教育部
MOE_VOCATIONAL_2021,VOCATIONAL_ASSOCIATE,55,文化艺术大类,5501,艺术设计类,550127,服装陈列与展示设计,5501,MAJOR,中华人民共和国教育部
MOE_VOCATIONAL_2021,VOCATIONAL_ASSOCIATE,55,文化艺术大类,5502,表演艺术类,5502,表演艺术类,55,CLASS,中华人民共和国教育部
MOE_VOCATIONAL_2021,VOCATIONAL_ASSOCIATE,55,文化艺术大类,5502,表演艺术类,550201,音乐表演,5502,MAJOR,中华人民共和国教育部
MOE_VOCATIONAL_2021,VOCATIONAL_ASSOCIATE,55,文化艺术大类,5502,表演艺术类,550202,舞蹈表演,5502,MAJOR,中华人民共和国教育部
MOE_VOCATIONAL_2021,VOCATIONAL_ASSOCIATE,55,文化艺术大类,5502,表演艺术类,550203,戏曲表演,5502,MAJOR,中华人民共和国教育部
MOE_VOCATIONAL_2021,VOCATIONAL_ASSOCIATE,55,文化艺术大类,5502,表演艺术类,550204,表演艺术,5502,MAJOR,中华人民共和国教育部
MOE_VOCATIONAL_2021,VOCATIONAL_ASSOCIATE,55,文化艺术大类,5502,表演艺术类,550205,戏剧影视表演,5502,MAJOR,中华人民共和国教育部
MOE_VOCATIONAL_2021,VOCATIONAL_ASSOCIATE,55,文化艺术大类,5502,表演艺术类,550206,歌舞表演,5502,MAJOR,中华人民共和国教育部
MOE_VOCATIONAL_2021,VOCATIONAL_ASSOCIATE,55,文化艺术大类,5502,表演艺术类,550207,曲艺表演,5502,MAJOR,中华人民共和国教育部
MOE_VOCATIONAL_2021,VOCATIONAL_ASSOCIATE,55,文化艺术大类,5502,表演艺术类,550208,音乐剧表演,5502,MAJOR,中华人民共和国教育部
MOE_VOCATIONAL_2021,VOCATIONAL_ASSOCIATE,55,文化艺术大类,5502,表演艺术类,550209,国际标准舞,5502,MAJOR,中华人民共和国教育部
MOE_VOCATIONAL_2021,VOCATIONAL_ASSOCIATE,55,文化艺术大类,5502,表演艺术类,550210,现代流行音乐,5502,MAJOR,中华人民共和国教育部
MOE_VOCATIONAL_2021,VOCATIONAL_ASSOCIATE,55,文化艺术大类,5502,表演艺术类,550211,戏曲音乐,5502,MAJOR,中华人民共和国教育部
MOE_VOCATIONAL_2021,VOCATIONAL_ASSOCIATE,55,文化艺术大类,5502,表演艺术类,550212,音乐制作,5502,MAJOR,中华人民共和国教育部
MOE_VOCATIONAL_2021,VOCATIONAL_ASSOCIATE,55,文化艺术大类,5502,表演艺术类,550213,钢琴伴奏,5502,MAJOR,中华人民共和国教育部
MOE_VOCATIONAL_2021,VOCATIONAL_ASSOCIATE,55,文化艺术大类,5502,表演艺术类,550214,钢琴调律,5502,MAJOR,中华人民共和国教育部
MOE_VOCATIONAL_2021,VOCATIONAL_ASSOCIATE,55,文化艺术大类,5502,表演艺术类,550215,舞蹈编导,5502,MAJOR,中华人民共和国教育部
MOE_VOCATIONAL_2021,VOCATIONAL_ASSOCIATE,55,文化艺术大类,5502,表演艺术类,550216,音乐传播,5502,MAJOR,中华人民共和国教育部
MOE_VOCATIONAL_2021,VOCATIONAL_ASSOCIATE,55,文化艺术大类,5502,表演艺术类,550217,时尚表演与传播,5502,MAJOR,中华人民共和国教育部
MOE_VOCATIONAL_2021,VOCATIONAL_ASSOCIATE,55,文化艺术大类,5502,表演艺术类,550218,舞台艺术设计与制作,5502,MAJOR,中华人民共和国教育部
MOE_VOCATIONAL_2021,VOCATIONAL_ASSOCIATE,55,文化艺术大类,5502,表演艺术类,550219,作曲技术,5502,MAJOR,中华人民共和国教育部
MOE_VOCATIONAL_2021,VOCATIONAL_ASSOCIATE,55,文化艺术大类,5502,表演艺术类,550220,现代魔术设计与表演,5502,MAJOR,中华人民共和国教育部
MOE_VOCATIONAL_2021,VOCATIONAL_ASSOCIATE,55,文化艺术大类,5503,民族文化艺术类,5503,民族文化艺术类,55,CLASS,中华人民共和国教育部
MOE_VOCATIONAL_2021,VOCATIONAL_ASSOCIATE,55,文化艺术大类,5503,民族文化艺术类,550301,民族表演艺术,5503,MAJOR,中华人民共和国教育部
MOE_VOCATIONAL_2021,VOCATIONAL_ASSOCIATE,55,文化艺术大类,5503,民族文化艺术类,550302,民族美术,5503,MAJOR,中华人民共和国教育部
MOE_VOCATIONAL_2021,VOCATIONAL_ASSOCIATE,55,文化艺术大类,5503,民族文化艺术类,550303,民族服装与饰品,5503,MAJOR,中华人民共和国教育部
MOE_VOCATIONAL_2021,VOCATIONAL_ASSOCIATE,55,文化艺术大类,5503,民族文化艺术类,550304,民族传统技艺,5503,MAJOR,中华人民共和国教育部
MOE_VOCATIONAL_2021,VOCATIONAL_ASSOCIATE,55,文化艺术大类,5503,民族文化艺术类,550305,中国少数民族语言文化,5503,MAJOR,中华人民共和国教育部
MOE_VOCATIONAL_2021,VOCATIONAL_ASSOCIATE,55,文化艺术大类,5504,文化服务类,5504,文化服务类,55,CLASS,中华人民共和国教育部
MOE_VOCATIONAL_2021,VOCATIONAL_ASSOCIATE,55,文化艺术大类,5504,文化服务类,550401,文化创意与策划,5504,MAJOR,中华人民共和国教育部
MOE_VOCATIONAL_2021,VOCATIONAL_ASSOCIATE,55,文化艺术大类,5504,文化服务类,550402,文化产业经营与管理,5504,MAJOR,中华人民共和国教育部
MOE_VOCATIONAL_2021,VOCATIONAL_ASSOCIATE,55,文化艺术大类,5504,文化服务类,550403,公共文化服务与管理,5504,MAJOR,中华人民共和国教育部
MOE_VOCATIONAL_2021,VOCATIONAL_ASSOCIATE,55,文化艺术大类,5504,文化服务类,550404,文物修复与保护,5504,MAJOR,中华人民共和国教育部
MOE_VOCATIONAL_2021,VOCATIONAL_ASSOCIATE,55,文化艺术大类,5504,文化服务类,550405,文物考古技术,5504,MAJOR,中华人民共和国教育部
MOE_VOCATIONAL_2021,VOCATIONAL_ASSOCIATE,55,文化艺术大类,5504,文化服务类,550406,文物展示利用技术,5504,MAJOR,中华人民共和国教育部
MOE_VOCATIONAL_2021,VOCATIONAL_ASSOCIATE,55,文化艺术大类,5504,文化服务类,550407,图书档案管理,5504,MAJOR,中华人民共和国教育部
MOE_VOCATIONAL_2021,VOCATIONAL_ASSOCIATE,55,文化艺术大类,5504,文化服务类,550408,石窟寺保护技术,5504,MAJOR,中华人民共和国教育部
MOE_VOCATIONAL_2021,VOCATIONAL_ASSOCIATE,56,新闻传播大类,,,56,新闻传播大类,,CATEGORY,中华人民共和国教育部
MOE_VOCATIONAL_2021,VOCATIONAL_ASSOCIATE,56,新闻传播大类,5601,新闻出版类,5601,新闻出版类,56,CLASS,中华人民共和国教育部
MOE_VOCATIONAL_2021,VOCATIONAL_ASSOCIATE,56,新闻传播大类,5601,新闻出版类,560101,数字图文信息处理技术,5601,MAJOR,中华人民共和国教育部
MOE_VOCATIONAL_2021,VOCATIONAL_ASSOCIATE,56,新闻传播大类,5601,新闻出版类,560102,网络新闻与传播,5601,MAJOR,中华人民共和国教育部
MOE_VOCATIONAL_2021,VOCATIONAL_ASSOCIATE,56,新闻传播大类,5601,新闻出版类,560103,出版策划与编辑,5601,MAJOR,中华人民共和国教育部
MOE_VOCATIONAL_2021,VOCATIONAL_ASSOCIATE,56,新闻传播大类,5601,新闻出版类,560104,出版商务,5601,MAJOR,中华人民共和国教育部
MOE_VOCATIONAL_2021,VOCATIONAL_ASSOCIATE,56,新闻传播大类,5601,新闻出版类,560105,数字出版,5601,MAJOR,中华人民共和国教育部
MOE_VOCATIONAL_2021,VOCATIONAL_ASSOCIATE,56,新闻传播大类,5601,新闻出版类,560106,数字媒体设备应用与管理,5601,MAJOR,中华人民共和国教育部
MOE_VOCATIONAL_2021,VOCATIONAL_ASSOCIATE,56,新闻传播大类,5602,广播影视类,5602,广播影视类,56,CLASS,中华人民共和国教育部
MOE_VOCATIONAL_2021,VOCATIONAL_ASSOCIATE,56,新闻传播大类,5602,广播影视类,560201,播音与主持,5602,MAJOR,中华人民共和国教育部
MOE_VOCATIONAL_2021,VOCATIONAL_ASSOCIATE,56,新闻传播大类,5602,广播影视类,560202,广播影视节目制作,5602,MAJOR,中华人民共和国教育部
MOE_VOCATIONAL_2021,VOCATIONAL_ASSOCIATE,56,新闻传播大类,5602,广播影视类,560203,数字广播电视技术,5602,MAJOR,中华人民共和国教育部
MOE_VOCATIONAL_2021,VOCATIONAL_ASSOCIATE,56,新闻传播大类,5602,广播影视类,560204,影视编导,5602,MAJOR,中华人民共和国教育部
MOE_VOCATIONAL_2021,VOCATIONAL_ASSOCIATE,56,新闻传播大类,5602,广播影视类,560205,新闻采编与制作,5602,MAJOR,中华人民共和国教育部
MOE_VOCATIONAL_2021,VOCATIONAL_ASSOCIATE,56,新闻传播大类,5602,广播影视类,560206,影视动画,5602,MAJOR,中华人民共和国教育部
MOE_VOCATIONAL_2021,VOCATIONAL_ASSOCIATE,56,新闻传播大类,5602,广播影视类,560207,影视制片管理,5602,MAJOR,中华人民共和国教育部
MOE_VOCATIONAL_2021,VOCATIONAL_ASSOCIATE,56,新闻传播大类,5602,广播影视类,560208,影视多媒体技术,5602,MAJOR,中华人民共和国教育部
MOE_VOCATIONAL_2021,VOCATIONAL_ASSOCIATE,56,新闻传播大类,5602,广播影视类,560209,影视照明技术与艺术,5602,MAJOR,中华人民共和国教育部
MOE_VOCATIONAL_2021,VOCATIONAL_ASSOCIATE,56,新闻传播大类,5602,广播影视类,560210,音像技术,5602,MAJOR,中华人民共和国教育部
MOE_VOCATIONAL_2021,VOCATIONAL_ASSOCIATE,56,新闻传播大类,5602,广播影视类,560211,录音技术与艺术,5602,MAJOR,中华人民共和国教育部
MOE_VOCATIONAL_2021,VOCATIONAL_ASSOCIATE,56,新闻传播大类,5602,广播影视类,560212,摄影摄像技术,5602,MAJOR,中华人民共和国教育部
MOE_VOCATIONAL_2021,VOCATIONAL_ASSOCIATE,56,新闻传播大类,5602,广播影视类,560213,融媒体技术与运营,5602,MAJOR,中华人民共和国教育部
MOE_VOCATIONAL_2021,VOCATIONAL_ASSOCIATE,56,新闻传播大类,5602,广播影视类,560214,网络直播与运营,5602,MAJOR,中华人民共和国教育部
MOE_VOCATIONAL_2021,VOCATIONAL_ASSOCIATE,56,新闻传播大类,5602,广播影视类,560215,传播与策划,5602,MAJOR,中华人民共和国教育部
MOE_VOCATIONAL_2021,VOCATIONAL_ASSOCIATE,56,新闻传播大类,5602,广播影视类,560216,全媒体广告策划与营销,5602,MAJOR,中华人民共和国教育部
MOE_VOCATIONAL_2021,VOCATIONAL_ASSOCIATE,57,教育与体育大类,,,57,教育与体育大类,,CATEGORY,中华人民共和国教育部
MOE_VOCATIONAL_2021,VOCATIONAL_ASSOCIATE,57,教育与体育大类,5701,教育类,5701,教育类,57,CLASS,中华人民共和国教育部
MOE_VOCATIONAL_2021,VOCATIONAL_ASSOCIATE,57,教育与体育大类,5701,教育类,570101K,早期教育,5701,MAJOR,中华人民共和国教育部
MOE_VOCATIONAL_2021,VOCATIONAL_ASSOCIATE,57,教育与体育大类,5701,教育类,570102K,学前教育,5701,MAJOR,中华人民共和国教育部
MOE_VOCATIONAL_2021,VOCATIONAL_ASSOCIATE,57,教育与体育大类,5701,教育类,570103K,小学教育,5701,MAJOR,中华人民共和国教育部
MOE_VOCATIONAL_2021,VOCATIONAL_ASSOCIATE,57,教育与体育大类,5701,教育类,570104K,小学语文教育,5701,MAJOR,中华人民共和国教育部
MOE_VOCATIONAL_2021,VOCATIONAL_ASSOCIATE,57,教育与体育大类,5701,教育类,570105K,小学数学教育,5701,MAJOR,中华人民共和国教育部
MOE_VOCATIONAL_2021,VOCATIONAL_ASSOCIATE,57,教育与体育大类,5701,教育类,570106K,小学英语教育,5701,MAJOR,中华人民共和国教育部
MOE_VOCATIONAL_2021,VOCATIONAL_ASSOCIATE,57,教育与体育大类,5701,教育类,570107K,小学科学教育,5701,MAJOR,中华人民共和国教育部
MOE_VOCATIONAL_2021,VOCATIONAL_ASSOCIATE,57,教育与体育大类,5701,教育类,570108K,音乐教育,5701,MAJOR,中华人民共和国教育部
MOE_VOCATIONAL_2021,VOCATIONAL_ASSOCIATE,57,教育与体育大类,5701,教育类,570109K,美术教育,5701,MAJOR,中华人民共和国教育部
MOE_VOCATIONAL_2021,VOCATIONAL_ASSOCIATE,57,教育与体育大类,5701,教育类,570110K,体育教育,5701,MAJOR,中华人民共和国教育部
MOE_VOCATIONAL_2021,VOCATIONAL_ASSOCIATE,57,教育与体育大类,5701,教育类,570111K,小学道德与法治教育,5701,MAJOR,中华人民共和国教育部
MOE_VOCATIONAL_2021,VOCATIONAL_ASSOCIATE,57,教育与体育大类,5701,教育类,570112K,舞蹈教育,5701,MAJOR,中华人民共和国教育部
MOE_VOCATIONAL_2021,VOCATIONAL_ASSOCIATE,57,教育与体育大类,5701,教育类,570113K,艺术教育,5701,MAJOR,中华人民共和国教育部
MOE_VOCATIONAL_2021,VOCATIONAL_ASSOCIATE,57,教育与体育大类,5701,教育类,570114K,特殊教育,5701,MAJOR,中华人民共和国教育部
MOE_VOCATIONAL_2021,VOCATIONAL_ASSOCIATE,57,教育与体育大类,5701,教育类,570115K,现代教育技术,5701,MAJOR,中华人民共和国教育部
MOE_VOCATIONAL_2021,VOCATIONAL_ASSOCIATE,57,教育与体育大类,5701,教育类,570116K,心理健康教育,5701,MAJOR,中华人民共和国教育部
MOE_VOCATIONAL_2021,VOCATIONAL_ASSOCIATE,57,教育与体育大类,5702,语言类,5702,语言类,57,CLASS,中华人民共和国教育部
MOE_VOCATIONAL_2021,VOCATIONAL_ASSOCIATE,57,教育与体育大类,5702,语言类,570201,商务英语,5702,MAJOR,中华人民共和国教育部
MOE_VOCATIONAL_2021,VOCATIONAL_ASSOCIATE,57,教育与体育大类,5702,语言类,570202,应用英语,5702,MAJOR,中华人民共和国教育部
MOE_VOCATIONAL_2021,VOCATIONAL_ASSOCIATE,57,教育与体育大类,5702,语言类,570203,旅游英语,5702,MAJOR,中华人民共和国教育部
MOE_VOCATIONAL_2021,VOCATIONAL_ASSOCIATE,57,教育与体育大类,5702,语言类,570204,应用韩语,5702,MAJOR,中华人民共和国教育部
MOE_VOCATIONAL_2021,VOCATIONAL_ASSOCIATE,57,教育与体育大类,5702,语言类,570205,商务日语,5702,MAJOR,中华人民共和国教育部
MOE_VOCATIONAL_2021,VOCATIONAL_ASSOCIATE,57,教育与体育大类,5702,语言类,570206,应用日语,5702,MAJOR,中华人民共和国教育部
MOE_VOCATIONAL_2021,VOCATIONAL_ASSOCIATE,57,教育与体育大类,5702,语言类,570207,旅游日语,5702,MAJOR,中华人民共和国教育部
MOE_VOCATIONAL_2021,VOCATIONAL_ASSOCIATE,57,教育与体育大类,5702,语言类,570208,应用外语,5702,MAJOR,中华人民共和国教育部
MOE_VOCATIONAL_2021,VOCATIONAL_ASSOCIATE,57,教育与体育大类,5702,语言类,570209,中文,5702,MAJOR,中华人民共和国教育部
MOE_VOCATIONAL_2021,VOCATIONAL_ASSOCIATE,57,教育与体育大类,5702,语言类,570210,应用俄语,5702,MAJOR,中华人民共和国教育部
MOE_VOCATIONAL_2021,VOCATIONAL_ASSOCIATE,57,教育与体育大类,5702,语言类,570211,应用法语,5702,MAJOR,中华人民共和国教育部
MOE_VOCATIONAL_2021,VOCATIONAL_ASSOCIATE,57,教育与体育大类,5702,语言类,570212,应用西班牙语,5702,MAJOR,中华人民共和国教育部
MOE_VOCATIONAL_2021,VOCATIONAL_ASSOCIATE,57,教育与体育大类,5702,语言类,570213,应用德语,5702,MAJOR,中华人民共和国教育部
MOE_VOCATIONAL_2021,VOCATIONAL_ASSOCIATE,57,教育与体育大类,5702,语言类,570214,应用泰语,5702,MAJOR,中华人民共和国教育部
MOE_VOCATIONAL_2021,VOCATIONAL_ASSOCIATE,57,教育与体育大类,5702,语言类,570215,应用越南语,5702,MAJOR,中华人民共和国教育部
MOE_VOCATIONAL_2021,VOCATIONAL_ASSOCIATE,57,教育与体育大类,5702,语言类,570216,应用阿拉伯语,5702,MAJOR,中华人民共和国教育部
MOE_VOCATIONAL_2021,VOCATIONAL_ASSOCIATE,57,教育与体育大类,5703,体育类,5703,体育类,57,CLASS,中华人民共和国教育部
MOE_VOCATIONAL_2021,VOCATIONAL_ASSOCIATE,57,教育与体育大类,5703,体育类,570301,社会体育,5703,MAJOR,中华人民共和国教育部
MOE_VOCATIONAL_2021,VOCATIONAL_ASSOCIATE,57,教育与体育大类,5703,体育类,570302,休闲体育,5703,MAJOR,中华人民共和国教育部
MOE_VOCATIONAL_2021,VOCATIONAL_ASSOCIATE,57,教育与体育大类,5703,体育类,570303,运动训练,5703,MAJOR,中华人民共和国教育部
MOE_VOCATIONAL_2021,VOCATIONAL_ASSOCIATE,57,教育与体育大类,5703,体育类,570304,民族传统体育,5703,MAJOR,中华人民共和国教育部
MOE_VOCATIONAL_2021,VOCATIONAL_ASSOCIATE,57,教育与体育大类,5703,体育类,570305,运动防护,5703,MAJOR,中华人民共和国教育部
MOE_VOCATIONAL_2021,VOCATIONAL_ASSOCIATE,57,教育与体育大类,5703,体育类,570306,体育保健与康复,5703,MAJOR,中华人民共和国教育部
MOE_VOCATIONAL_2021,VOCATIONAL_ASSOCIATE,57,教育与体育大类,5703,体育类,570307,健身指导与管理,5703,MAJOR,中华人民共和国教育部
MOE_VOCATIONAL_2021,VOCATIONAL_ASSOCIATE,57,教育与体育大类,5703,体育类,570308,运动健康指导,5703,MAJOR,中华人民共和国教育部
MOE_VOCATIONAL_2021,VOCATIONAL_ASSOCIATE,57,教育与体育大类,5703,体育类,570309,运动数据分析,5703,MAJOR,中华人民共和国教育部
MOE_VOCATIONAL_2021,VOCATIONAL_ASSOCIATE,57,教育与体育大类,5703,体育类,570310,体能训练,5703,MAJOR,中华人民共和国教育部
MOE_VOCATIONAL_2021,VOCATIONAL_ASSOCIATE,57,教育与体育大类,5703,体育类,570311,体育运营与管理,5703,MAJOR,中华人民共和国教育部
MOE_VOCATIONAL_2021,VOCATIONAL_ASSOCIATE,57,教育与体育大类,5703,体育类,570312,电子竞技运动与管理,5703,MAJOR,中华人民共和国教育部
MOE_VOCATIONAL_2021,VOCATIONAL_ASSOCIATE,57,教育与体育大类,5703,体育类,570313,高尔夫球运动与管理,5703,MAJOR,中华人民共和国教育部
MOE_VOCATIONAL_2021,VOCATIONAL_ASSOCIATE,57,教育与体育大类,5703,体育类,570314,冰雪运动与管理,5703,MAJOR,中华人民共和国教育部
MOE_VOCATIONAL_2021,VOCATIONAL_ASSOCIATE,57,教育与体育大类,5703,体育类,570315,冰雪设施运维与管理,5703,MAJOR,中华人民共和国教育部
MOE_VOCATIONAL_2021,VOCATIONAL_ASSOCIATE,57,教育与体育大类,5703,体育类,570316,体育艺术表演,5703,MAJOR,中华人民共和国教育部
MOE_VOCATIONAL_2021,VOCATIONAL_ASSOCIATE,58,公安与司法大类,,,58,公安与司法大类,,CATEGORY,中华人民共和国教育部
MOE_VOCATIONAL_2021,VOCATIONAL_ASSOCIATE,58,公安与司法大类,5801,公安管理类,5801,公安管理类,58,CLASS,中华人民共和国教育部
MOE_VOCATIONAL_2021,VOCATIONAL_ASSOCIATE,58,公安与司法大类,5801,公安管理类,580101K,治安管理,5801,MAJOR,中华人民共和国教育部
MOE_VOCATIONAL_2021,VOCATIONAL_ASSOCIATE,58,公安与司法大类,5801,公安管理类,580102K,道路交通管理,5801,MAJOR,中华人民共和国教育部
MOE_VOCATIONAL_2021,VOCATIONAL_ASSOCIATE,58,公安与司法大类,5801,公安管理类,580103K,特警,5801,MAJOR,中华人民共和国教育部
MOE_VOCATIONAL_2021,VOCATIONAL_ASSOCIATE,58,公安与司法大类,5801,公安管理类,580104K,警务指挥与战术,5801,MAJOR,中华人民共和国教育部
MOE_VOCATIONAL_2021,VOCATIONAL_ASSOCIATE,58,公安与司法大类,5802,公安技术类,5802,公安技术类,58,CLASS,中华人民共和国教育部
MOE_VOCATIONAL_2021,VOCATIONAL_ASSOCIATE,58,公安与司法大类,5802,公安技术类,580201K,刑事科学技术,5802,MAJOR,中华人民共和国教育部
MOE_VOCATIONAL_2021,VOCATIONAL_ASSOCIATE,58,公安与司法大类,5802,公安技术类,580202K,网络安全与执法,5802,MAJOR,中华人民共和国教育部
MOE_VOCATIONAL_2021,VOCATIONAL_ASSOCIATE,58,公安与司法大类,5802,公安技术类,580203K,警犬技术,5802,MAJOR,中华人民共和国教育部
MOE_VOCATIONAL_2021,VOCATIONAL_ASSOCIATE,58,公安与司法大类,5803,侦查类,5803,侦查类,58,CLASS,中华人民共和国教育部
MOE_VOCATIONAL_2021,VOCATIONAL_ASSOCIATE,58,公安与司法大类,5803,侦查类,580301K,刑事侦查,5803,MAJOR,中华人民共和国教育部
MOE_VOCATIONAL_2021,VOCATIONAL_ASSOCIATE,58,公安与司法大类,5803,侦查类,580302K,政治安全保卫,5803,MAJOR,中华人民共和国教育部
MOE_VOCATIONAL_2021,VOCATIONAL_ASSOCIATE,58,公安与司法大类,5803,侦查类,580303K,经济犯罪侦查,5803,MAJOR,中华人民共和国教育部
MOE_VOCATIONAL_2021,VOCATIONAL_ASSOCIATE,58,公安与司法大类,5803,侦查类,580304K,禁毒,5803,MAJOR,中华人民共和国教育部
MOE_VOCATIONAL_2021,VOCATIONAL_ASSOCIATE,58,公安与司法大类,5804,法律实务类,5804,法律实务类,58,CLASS,中华人民共和国教育部
MOE_VOCATIONAL_2021,VOCATIONAL_ASSOCIATE,58,公安与司法大类,5804,法律实务类,580401,法律事务,5804,MAJOR,中华人民共和国教育部
MOE_VOCATIONAL_2021,VOCATIONAL_ASSOCIATE,58,公安与司法大类,5804,法律实务类,580402,法律文秘,5804,MAJOR,中华人民共和国教育部
MOE_VOCATIONAL_2021,VOCATIONAL_ASSOCIATE,58,公安与司法大类,5804,法律实务类,580403,检察事务,5804,MAJOR,中华人民共和国教育部
MOE_VOCATIONAL_2021,VOCATIONAL_ASSOCIATE,58,公安与司法大类,5805,法律执行类,5805,法律执行类,58,CLASS,中华人民共和国教育部
MOE_VOCATIONAL_2021,VOCATIONAL_ASSOCIATE,58,公安与司法大类,5805,法律执行类,580501K,刑事执行,5805,MAJOR,中华人民共和国教育部
MOE_VOCATIONAL_2021,VOCATIONAL_ASSOCIATE,58,公安与司法大类,5805,法律执行类,580502,民事执行,5805,MAJOR,中华人民共和国教育部
MOE_VOCATIONAL_2021,VOCATIONAL_ASSOCIATE,58,公安与司法大类,5805,法律执行类,580503K,行政执行,5805,MAJOR,中华人民共和国教育部
MOE_VOCATIONAL_2021,VOCATIONAL_ASSOCIATE,58,公安与司法大类,5805,法律执行类,580504K,司法警务,5805,MAJOR,中华人民共和国教育部
MOE_VOCATIONAL_2021,VOCATIONAL_ASSOCIATE,58,公安与司法大类,5805,法律执行类,580505,社区矫正,5805,MAJOR,中华人民共和国教育部
MOE_VOCATIONAL_2021,VOCATIONAL_ASSOCIATE,58,公安与司法大类,5806,司法技术类,5806,司法技术类,58,CLASS,中华人民共和国教育部
MOE_VOCATIONAL_2021,VOCATIONAL_ASSOCIATE,58,公安与司法大类,5806,司法技术类,580601K,刑事侦查技术,5806,MAJOR,中华人民共和国教育部
MOE_VOCATIONAL_2021,VOCATIONAL_ASSOCIATE,58,公安与司法大类,5806,司法技术类,580602K,司法信息技术,5806,MAJOR,中华人民共和国教育部
MOE_VOCATIONAL_2021,VOCATIONAL_ASSOCIATE,58,公安与司法大类,5806,司法技术类,580603,司法鉴定技术,5806,MAJOR,中华人民共和国教育部
MOE_VOCATIONAL_2021,VOCATIONAL_ASSOCIATE,58,公安与司法大类,5806,司法技术类,580604K,司法信息安全,5806,MAJOR,中华人民共和国教育部
MOE_VOCATIONAL_2021,VOCATIONAL_ASSOCIATE,58,公安与司法大类,5806,司法技术类,580605K,罪犯心理测量与矫正技术,5806,MAJOR,中华人民共和国教育部
MOE_VOCATIONAL_2021,VOCATIONAL_ASSOCIATE,58,公安与司法大类,5806,司法技术类,580606K,戒毒矫治技术,5806,MAJOR,中华人民共和国教育部
MOE_VOCATIONAL_2021,VOCATIONAL_ASSOCIATE,58,公安与司法大类,5807,安全防范类,5807,安全防范类,58,CLASS,中华人民共和国教育部
MOE_VOCATIONAL_2021,VOCATIONAL_ASSOCIATE,58,公安与司法大类,5807,安全防范类,580701,安全防范技术,5807,MAJOR,中华人民共和国教育部
MOE_VOCATIONAL_2021,VOCATIONAL_ASSOCIATE,58,公安与司法大类,5807,安全防范类,580702,安全保卫管理,5807,MAJOR,中华人民共和国教育部
MOE_VOCATIONAL_2021,VOCATIONAL_ASSOCIATE,58,公安与司法大类,5807,安全防范类,580703,智能安防运营管理,5807,MAJOR,中华人民共和国教育部
MOE_VOCATIONAL_2021,VOCATIONAL_ASSOCIATE,59,公共管理与服务大类,,,59,公共管理与服务大类,,CATEGORY,中华人民共和国教育部
MOE_VOCATIONAL_2021,VOCATIONAL_ASSOCIATE,59,公共管理与服务大类,5901,公共事业类,5901,公共事业类,59,CLASS,中华人民共和国教育部
MOE_VOCATIONAL_2021,VOCATIONAL_ASSOCIATE,59,公共管理与服务大类,5901,公共事业类,590101,社会工作,5901,MAJOR,中华人民共和国教育部
MOE_VOCATIONAL_2021,VOCATIONAL_ASSOCIATE,59,公共管理与服务大类,5901,公共事业类,590102,党务工作,5901,MAJOR,中华人民共和国教育部
MOE_VOCATIONAL_2021,VOCATIONAL_ASSOCIATE,59,公共管理与服务大类,5901,公共事业类,590103,青少年工作与管理,5901,MAJOR,中华人民共和国教育部
MOE_VOCATIONAL_2021,VOCATIONAL_ASSOCIATE,59,公共管理与服务大类,5901,公共事业类,590104,社区管理与服务,5901,MAJOR,中华人民共和国教育部
MOE_VOCATIONAL_2021,VOCATIONAL_ASSOCIATE,59,公共管理与服务大类,5901,公共事业类,590105,公共关系,5901,MAJOR,中华人民共和国教育部
MOE_VOCATIONAL_2021,VOCATIONAL_ASSOCIATE,59,公共管理与服务大类,5901,公共事业类,590106,公益慈善事业管理,5901,MAJOR,中华人民共和国教育部
MOE_VOCATIONAL_2021,VOCATIONAL_ASSOCIATE,59,公共管理与服务大类,5902,公共管理类,5902,公共管理类,59,CLASS,中华人民共和国教育部
MOE_VOCATIONAL_2021,VOCATIONAL_ASSOCIATE,59,公共管理与服务大类,5902,公共管理类,590201,民政服务与管理,5902,MAJOR,中华人民共和国教育部
MOE_VOCATIONAL_2021,VOCATIONAL_ASSOCIATE,59,公共管理与服务大类,5902,公共管理类,590202,人力资源管理,5902,MAJOR,中华人民共和国教育部
MOE_VOCATIONAL_2021,VOCATIONAL_ASSOCIATE,59,公共管理与服务大类,5902,公共管理类,590203,劳动与社会保障,5902,MAJOR,中华人民共和国教育部
MOE_VOCATIONAL_2021,VOCATIONAL_ASSOCIATE,59,公共管理与服务大类,5902,公共管理类,590204,网络舆情监测,5902,MAJOR,中华人民共和国教育部
MOE_VOCATIONAL_2021,VOCATIONAL_ASSOCIATE,59,公共管理与服务大类,5902,公共管理类,590205,公共事务管理,5902,MAJOR,中华人民共和国教育部
MOE_VOCATIONAL_2021,VOCATIONAL_ASSOCIATE,59,公共管理与服务大类,5902,公共管理类,590206,行政管理,5902,MAJOR,中华人民共和国教育部
MOE_VOCATIONAL_2021,VOCATIONAL_ASSOCIATE,59,公共管理与服务大类,5902,公共管理类,590207,质量管理与认证,5902,MAJOR,中华人民共和国教育部
MOE_VOCATIONAL_2021,VOCATIONAL_ASSOCIATE,59,公共管理与服务大类,5902,公共管理类,590208,知识产权管理,5902,MAJOR,中华人民共和国教育部
MOE_VOCATIONAL_2021,VOCATIONAL_ASSOCIATE,59,公共管理与服务大类,5902,公共管理类,590209,职业指导与服务,5902,MAJOR,中华人民共和国教育部
MOE_VOCATIONAL_2021,VOCATIONAL_ASSOCIATE,59,公共管理与服务大类,5902,公共管理类,590210,标准化技术,5902,MAJOR,中华人民共和国教育部
MOE_VOCATIONAL_2021,VOCATIONAL_ASSOCIATE,59,公共管理与服务大类,5903,公共服务类,5903,公共服务类,59,CLASS,中华人民共和国教育部
MOE_VOCATIONAL_2021,VOCATIONAL_ASSOCIATE,59,公共管理与服务大类,5903,公共服务类,590301,现代家政服务与管理,5903,MAJOR,中华人民共和国教育部
MOE_VOCATIONAL_2021,VOCATIONAL_ASSOCIATE,59,公共管理与服务大类,5903,公共服务类,590302,智慧健康养老服务与管理,5903,MAJOR,中华人民共和国教育部
MOE_VOCATIONAL_2021,VOCATIONAL_ASSOCIATE,59,公共管理与服务大类,5903,公共服务类,590303,社区康复,5903,MAJOR,中华人民共和国教育部
MOE_VOCATIONAL_2021,VOCATIONAL_ASSOCIATE,59,公共管理与服务大类,5903,公共服务类,590304,婚庆服务与管理,5903,MAJOR,中华人民共和国教育部
MOE_VOCATIONAL_2021,VOCATIONAL_ASSOCIATE,59,公共管理与服务大类,5903,公共服务类,590305,现代殡葬技术与管理,5903,MAJOR,中华人民共和国教育部
MOE_VOCATIONAL_2021,VOCATIONAL_ASSOCIATE,59,公共管理与服务大类,5903,公共服务类,590306,殡葬设备维护技术,5903,MAJOR,中华人民共和国教育部
MOE_VOCATIONAL_2021,VOCATIONAL_ASSOCIATE,59,公共管理与服务大类,5903,公共服务类,590307,陵园服务与管理,5903,MAJOR,中华人民共和国教育部
MOE_VOCATIONAL_2021,VOCATIONAL_ASSOCIATE,59,公共管理与服务大类,5904,文秘类,5904,文秘类,59,CLASS,中华人民共和国教育部
MOE_VOCATIONAL_2021,VOCATIONAL_ASSOCIATE,59,公共管理与服务大类,5904,文秘类,590401,现代文秘,5904,MAJOR,中华人民共和国教育部
MOE_VOCATIONAL_2021,VOCATIONAL_BACHELOR,21,农林牧渔大类,,,21,农林牧渔大类,,CATEGORY,中华人民共和国教育部
MOE_VOCATIONAL_2021,VOCATIONAL_BACHELOR,21,农林牧渔大类,2101,农业类,2101,农业类,21,CLASS,中华人民共和国教育部
MOE_VOCATIONAL_2021,VOCATIONAL_BACHELOR,21,农林牧渔大类,2101,农业类,210101,现代种业技术,2101,MAJOR,中华人民共和国教育部
MOE_VOCATIONAL_2021,VOCATIONAL_BACHELOR,21,农林牧渔大类,2101,农业类,210102,作物生产与品质改良,2101,MAJOR,中华人民共和国教育部
MOE_VOCATIONAL_2021,VOCATIONAL_BACHELOR,21,农林牧渔大类,2101,农业类,210103,智慧农业技术,2101,MAJOR,中华人民共和国教育部
MOE_VOCATIONAL_2021,VOCATIONAL_BACHELOR,21,农林牧渔大类,2101,农业类,210104,设施园艺,2101,MAJOR,中华人民共和国教育部
MOE_VOCATIONAL_2021,VOCATIONAL_BACHELOR,21,农林牧渔大类,2101,农业类,210105,现代农业经营与管理,2101,MAJOR,中华人民共和国教育部
MOE_VOCATIONAL_2021,VOCATIONAL_BACHELOR,21,农林牧渔大类,2102,林业类,2102,林业类,21,CLASS,中华人民共和国教育部
MOE_VOCATIONAL_2021,VOCATIONAL_BACHELOR,21,农林牧渔大类,2102,林业类,210201,智慧林业技术,2102,MAJOR,中华人民共和国教育部
MOE_VOCATIONAL_2021,VOCATIONAL_BACHELOR,21,农林牧渔大类,2102,林业类,210202,园林工程,2102,MAJOR,中华人民共和国教育部
MOE_VOCATIONAL_2021,VOCATIONAL_BACHELOR,21,农林牧渔大类,2102,林业类,210203,木业产品智能制造,2102,MAJOR,中华人民共和国教育部
MOE_VOCATIONAL_2021,VOCATIONAL_BACHELOR,21,农林牧渔大类,2103,畜牧业类,2103,畜牧业类,21,CLASS,中华人民共和国教育部
MOE_VOCATIONAL_2021,VOCATIONAL_BACHELOR,21,农林牧渔大类,2103,畜牧业类,210301,动物医学,2103,MAJOR,中华人民共和国教育部
MOE_VOCATIONAL_2021,VOCATIONAL_BACHELOR,21,农林牧渔大类,2103,畜牧业类,210302,动物药学,2103,MAJOR,中华人民共和国教育部
MOE_VOCATIONAL_2021,VOCATIONAL_BACHELOR,21,农林牧渔大类,2103,畜牧业类,210303,宠物医疗,2103,MAJOR,中华人民共和国教育部
MOE_VOCATIONAL_2021,VOCATIONAL_BACHELOR,21,农林牧渔大类,2103,畜牧业类,210304,现代畜牧,2103,MAJOR,中华人民共和国教育部
MOE_VOCATIONAL_2021,VOCATIONAL_BACHELOR,21,农林牧渔大类,2104,渔业类,2104,渔业类,21,CLASS,中华人民共和国教育部
MOE_VOCATIONAL_2021,VOCATIONAL_BACHELOR,21,农林牧渔大类,2104,渔业类,210401,现代水产养殖技术,2104,MAJOR,中华人民共和国教育部
MOE_VOCATIONAL_2021,VOCATIONAL_BACHELOR,22,资源环境与安全大类,,,22,资源环境与安全大类,,CATEGORY,中华人民共和国教育部
MOE_VOCATIONAL_2021,VOCATIONAL_BACHELOR,22,资源环境与安全大类,2201,资源勘查类,2201,资源勘查类,22,CLASS,中华人民共和国教育部
MOE_VOCATIONAL_2021,VOCATIONAL_BACHELOR,22,资源环境与安全大类,2201,资源勘查类,220101,资源勘查工程技术,2201,MAJOR,中华人民共和国教育部
MOE_VOCATIONAL_2021,VOCATIONAL_BACHELOR,22,资源环境与安全大类,2202,地质类,2202,地质类,22,CLASS,中华人民共和国教育部
MOE_VOCATIONAL_2021,VOCATIONAL_BACHELOR,22,资源环境与安全大类,2202,地质类,220201,环境地质工程,2202,MAJOR,中华人民共和国教育部
MOE_VOCATIONAL_2021,VOCATIONAL_BACHELOR,22,资源环境与安全大类,2203,测绘地理信息类,2203,测绘地理信息类,22,CLASS,中华人民共和国教育部
MOE_VOCATIONAL_2021,VOCATIONAL_BACHELOR,22,资源环境与安全大类,2203,测绘地理信息类,220301,导航工程技术,2203,MAJOR,中华人民共和国教育部
MOE_VOCATIONAL_2021,VOCATIONAL_BACHELOR,22,资源环境与安全大类,2203,测绘地理信息类,220302,测绘工程技术,2203,MAJOR,中华人民共和国教育部
MOE_VOCATIONAL_2021,VOCATIONAL_BACHELOR,22,资源环境与安全大类,2203,测绘地理信息类,220303,地理信息技术,2203,MAJOR,中华人民共和国教育部
MOE_VOCATIONAL_2021,VOCATIONAL_BACHELOR,22,资源环境与安全大类,2204,石油与天然气类,2204,石油与天然气类,22,CLASS,中华人民共和国教育部
MOE_VOCATIONAL_2021,VOCATIONAL_BACHELOR,22,资源环境与安全大类,2204,石油与天然气类,220401,油气储运工程,2204,MAJOR,中华人民共和国教育部
MOE_VOCATIONAL_2021,VOCATIONAL_BACHELOR,22,资源环境与安全大类,2204,石油与天然气类,220402,石油工程技术,2204,MAJOR,中华人民共和国教育部
MOE_VOCATIONAL_2021,VOCATIONAL_BACHELOR,22,资源环境与安全大类,2205,煤炭类,2205,煤炭类,22,CLASS,中华人民共和国教育部
MOE_VOCATIONAL_2021,VOCATIONAL_BACHELOR,22,资源环境与安全大类,2205,煤炭类,220501,智能采矿技术,2205,MAJOR,中华人民共和国教育部
MOE_VOCATIONAL_2021,VOCATIONAL_BACHELOR,22,资源环境与安全大类,2205,煤炭类,220502,煤炭清洁利用工程,2205,MAJOR,中华人民共和国教育部
MOE_VOCATIONAL_2021,VOCATIONAL_BACHELOR,22,资源环境与安全大类,2207,气象类,2207,气象类,22,CLASS,中华人民共和国教育部
MOE_VOCATIONAL_2021,VOCATIONAL_BACHELOR,22,资源环境与安全大类,2207,气象类,220701,智慧气象技术,2207,MAJOR,中华人民共和国教育部
MOE_VOCATIONAL_2021,VOCATIONAL_BACHELOR,22,资源环境与安全大类,2208,环境保护类,2208,环境保护类,22,CLASS,中华人民共和国教育部
MOE_VOCATIONAL_2021,VOCATIONAL_BACHELOR,22,资源环境与安全大类,2208,环境保护类,220801,生态环境工程技术,2208,MAJOR,中华人民共和国教育部
MOE_VOCATIONAL_2021,VOCATIONAL_BACHELOR,22,资源环境与安全大类,2209,安全类,2209,安全类,22,CLASS,中华人民共和国教育部
MOE_VOCATIONAL_2021,VOCATIONAL_BACHELOR,22,资源环境与安全大类,2209,安全类,220901,安全工程技术,2209,MAJOR,中华人民共和国教育部
MOE_VOCATIONAL_2021,VOCATIONAL_BACHELOR,22,资源环境与安全大类,2209,安全类,220902,应急管理,2209,MAJOR,中华人民共和国教育部
MOE_VOCATIONAL_2021,VOCATIONAL_BACHELOR,23,能源动力与材料大类,,,23,能源动力与材料大类,,CATEGORY,中华人民共和国教育部
MOE_VOCATIONAL_2021,VOCATIONAL_BACHELOR,23,能源动力与材料大类,2301,电力技术类,2301,电力技术类,23,CLASS,中华人民共和国教育部
MOE_VOCATIONAL_2021,VOCATIONAL_BACHELOR,23,能源动力与材料大类,2301,电力技术类,230101,电力工程及自动化,2301,MAJOR,中华人民共和国教育部
MOE_VOCATIONAL_2021,VOCATIONAL_BACHELOR,23,能源动力与材料大类,2301,电力技术类,230102,智能电网工程技术,2301,MAJOR,中华人民共和国教育部
MOE_VOCATIONAL_2021,VOCATIONAL_BACHELOR,23,能源动力与材料大类,2302,热能与发电工程类,2302,热能与发电工程类,23,CLASS,中华人民共和国教育部
MOE_VOCATIONAL_2021,VOCATIONAL_BACHELOR,23,能源动力与材料大类,2302,热能与发电工程类,230201,热能动力工程,2302,MAJOR,中华人民共和国教育部
MOE_VOCATIONAL_2021,VOCATIONAL_BACHELOR,23,能源动力与材料大类,2303,新能源发电工程类,2303,新能源发电工程类,23,CLASS,中华人民共和国教育部
MOE_VOCATIONAL_2021,VOCATIONAL_BACHELOR,23,能源动力与材料大类,2303,新能源发电工程类,230301,新能源发电工程技术,2303,MAJOR,中华人民共和国教育部
MOE_VOCATIONAL_2021,VOCATIONAL_BACHELOR,23,能源动力与材料大类,2304,黑色金属材料类,2304,黑色金属材料类,23,CLASS,中华人民共和国教育部
MOE_VOCATIONAL_2021,VOCATIONAL_BACHELOR,23,能源动力与材料大类,2304,黑色金属材料类,230401,钢铁智能冶金技术,2304,MAJOR,中华人民共和国教育部
MOE_VOCATIONAL_2021,VOCATIONAL_BACHELOR,23,能源动力与材料大类,2305,有色金属材料类,2305,有色金属材料类,23,CLASS,中华人民共和国教育部
MOE_VOCATIONAL_2021,VOCATIONAL_BACHELOR,23,能源动力与材料大类,2305,有色金属材料类,230501,材料化冶金应用技术,2305,MAJOR,中华人民共和国教育部
MOE_VOCATIONAL_2021,VOCATIONAL_BACHELOR,23,能源动力与材料大类,2305,有色金属材料类,230502,金属智能成型技术,2305,MAJOR,中华人民共和国教育部
MOE_VOCATIONAL_2021,VOCATIONAL_BACHELOR,23,能源动力与材料大类,2305,有色金属材料类,230503,储能材料工程技术,2305,MAJOR,中华人民共和国教育部
MOE_VOCATIONAL_2021,VOCATIONAL_BACHELOR,23,能源动力与材料大类,2306,非金属材料类,2306,非金属材料类,23,CLASS,中华人民共和国教育部
MOE_VOCATIONAL_2021,VOCATIONAL_BACHELOR,23,能源动力与材料大类,2306,非金属材料类,230601,高分子材料工程技术,2306,MAJOR,中华人民共和国教育部
MOE_VOCATIONAL_2021,VOCATIONAL_BACHELOR,23,能源动力与材料大类,2306,非金属材料类,230602,新材料与应用技术,2306,MAJOR,中华人民共和国教育部
MOE_VOCATIONAL_2021,VOCATIONAL_BACHELOR,23,能源动力与材料大类,2307,建筑材料类,2307,建筑材料类,23,CLASS,中华人民共和国教育部
MOE_VOCATIONAL_2021,VOCATIONAL_BACHELOR,23,能源动力与材料大类,2307,建筑材料类,230701,建筑材料智能制造,2307,MAJOR,中华人民共和国教育部
MOE_VOCATIONAL_2021,VOCATIONAL_BACHELOR,24,土木建筑大类,,,24,土木建筑大类,,CATEGORY,中华人民共和国教育部
MOE_VOCATIONAL_2021,VOCATIONAL_BACHELOR,24,土木建筑大类,2401,建筑设计类,2401,建筑设计类,24,CLASS,中华人民共和国教育部
MOE_VOCATIONAL_2021,VOCATIONAL_BACHELOR,24,土木建筑大类,2401,建筑设计类,240101,建筑设计,2401,MAJOR,中华人民共和国教育部
MOE_VOCATIONAL_2021,VOCATIONAL_BACHELOR,24,土木建筑大类,2401,建筑设计类,240102,建筑装饰工程,2401,MAJOR,中华人民共和国教育部
MOE_VOCATIONAL_2021,VOCATIONAL_BACHELOR,24,土木建筑大类,2401,建筑设计类,240103,古建筑工程,2401,MAJOR,中华人民共和国教育部
MOE_VOCATIONAL_2021,VOCATIONAL_BACHELOR,24,土木建筑大类,2401,建筑设计类,240104,园林景观工程,2401,MAJOR,中华人民共和国教育部
MOE_VOCATIONAL_2021,VOCATIONAL_BACHELOR,24,土木建筑大类,2401,建筑设计类,240105,城市设计数字技术,2401,MAJOR,中华人民共和国教育部
MOE_VOCATIONAL_2021,VOCATIONAL_BACHELOR,24,土木建筑大类,2402,城乡规划与管理类,2402,城乡规划与管理类,24,CLASS,中华人民共和国教育部
MOE_VOCATIONAL_2021,VOCATIONAL_BACHELOR,24,土木建筑大类,2402,城乡规划与管理类,240201,城乡规划,2402,MAJOR,中华人民共和国教育部
MOE_VOCATIONAL_2021,VOCATIONAL_BACHELOR,24,土木建筑大类,2403,土建施工类,2403,土建施工类,24,CLASS,中华人民共和国教育部
MOE_VOCATIONAL_2021,VOCATIONAL_BACHELOR,24,土木建筑大类,2403,土建施工类,240301,建筑工程,2403,MAJOR,中华人民共和国教育部
MOE_VOCATIONAL_2021,VOCATIONAL_BACHELOR,24,土木建筑大类,2403,土建施工类,240302,智能建造工程,2403,MAJOR,中华人民共和国教育部
MOE_VOCATIONAL_2021,VOCATIONAL_BACHELOR,24,土木建筑大类,2403,土建施工类,240303,城市地下工程,2403,MAJOR,中华人民共和国教育部
MOE_VOCATIONAL_2021,VOCATIONAL_BACHELOR,24,土木建筑大类,2403,土建施工类,240304,建筑智能检测与修复,2403,MAJOR,中华人民共和国教育部
MOE_VOCATIONAL_2021,VOCATIONAL_BACHELOR,24,土木建筑大类,2404,建筑设备类,2404,建筑设备类,24,CLASS,中华人民共和国教育部
MOE_VOCATIONAL_2021,VOCATIONAL_BACHELOR,24,土木建筑大类,2404,建筑设备类,240401,建筑环境与能源工程,2404,MAJOR,中华人民共和国教育部
MOE_VOCATIONAL_2021,VOCATIONAL_BACHELOR,24,土木建筑大类,2404,建筑设备类,240402,建筑电气与智能化工程,2404,MAJOR,中华人民共和国教育部
MOE_VOCATIONAL_2021,VOCATIONAL_BACHELOR,24,土木建筑大类,2405,建设工程管理类,2405,建设工程管理类,24,CLASS,中华人民共和国教育部
MOE_VOCATIONAL_2021,VOCATIONAL_BACHELOR,24,土木建筑大类,2405,建设工程管理类,240501,工程造价,2405,MAJOR,中华人民共和国教育部
MOE_VOCATIONAL_2021,VOCATIONAL_BACHELOR,24,土木建筑大类,2405,建设工程管理类,240502,建设工程管理,2405,MAJOR,中华人民共和国教育部
MOE_VOCATIONAL_2021,VOCATIONAL_BACHELOR,24,土木建筑大类,2406,市政工程类,2406,市政工程类,24,CLASS,中华人民共和国教育部
MOE_VOCATIONAL_2021,VOCATIONAL_BACHELOR,24,土木建筑大类,2406,市政工程类,240601,市政工程,2406,MAJOR,中华人民共和国教育部
MOE_VOCATIONAL_2021,VOCATIONAL_BACHELOR,24,土木建筑大类,2406,市政工程类,240602,城市设施智慧管理,2406,MAJOR,中华人民共和国教育部
MOE_VOCATIONAL_2021,VOCATIONAL_BACHELOR,24,土木建筑大类,2407,房地产类,2407,房地产类,24,CLASS,中华人民共和国教育部
MOE_VOCATIONAL_2021,VOCATIONAL_BACHELOR,24,土木建筑大类,2407,房地产类,240701,房地产投资与策划,2407,MAJOR,中华人民共和国教育部
MOE_VOCATIONAL_2021,VOCATIONAL_BACHELOR,24,土木建筑大类,2407,房地产类,240702,现代物业管理,2407,MAJOR,中华人民共和国教育部
MOE_VOCATIONAL_2021,VOCATIONAL_BACHELOR,25,水利大类,,,25,水利大类,,CATEGORY,中华人民共和国教育部
MOE_VOCATIONAL_2021,VOCATIONAL_BACHELOR,25,水利大类,2501,水文水资源类,2501,水文水资源类,25,CLASS,中华人民共和国教育部
MOE_VOCATIONAL_2021,VOCATIONAL_BACHELOR,25,水利大类,2501,水文水资源类,250101,水文与水资源工程技术,2501,MAJOR,中华人民共和国教育部
MOE_VOCATIONAL_2021,VOCATIONAL_BACHELOR,25,水利大类,2502,水利工程与管理类,2502,水利工程与管理类,25,CLASS,中华人民共和国教育部
MOE_VOCATIONAL_2021,VOCATIONAL_BACHELOR,25,水利大类,2502,水利工程与管理类,250201,智慧水利工程,2502,MAJOR,中华人民共和国教育部
MOE_VOCATIONAL_2021,VOCATIONAL_BACHELOR,25,水利大类,2502,水利工程与管理类,250202,农业水利工程,2502,MAJOR,中华人民共和国教育部
MOE_VOCATIONAL_2021,VOCATIONAL_BACHELOR,25,水利大类,2502,水利工程与管理类,250203,水利水电工程,2502,MAJOR,中华人民共和国教育部
MOE_VOCATIONAL_2021,VOCATIONAL_BACHELOR,25,水利大类,2502,水利工程与管理类,250204,治河与港航工程,2502,MAJOR,中华人民共和国教育部
MOE_VOCATIONAL_2021,VOCATIONAL_BACHELOR,25,水利大类,2503,水利水电设备类,2503,水利水电设备类,25,CLASS,中华人民共和国教育部
MOE_VOCATIONAL_2021,VOCATIONAL_BACHELOR,25,水利大类,2503,水利水电设备类,250301,水利水电设备及自动化,2503,MAJOR,中华人民共和国教育部
MOE_VOCATIONAL_2021,VOCATIONAL_BACHELOR,25,水利大类,2504,水土保持与水环境类,2504,水土保持与水环境类,25,CLASS,中华人民共和国教育部
MOE_VOCATIONAL_2021,VOCATIONAL_BACHELOR,25,水利大类,2504,水土保持与水环境类,250401,生态水利工程,2504,MAJOR,中华人民共和国教育部
MOE_VOCATIONAL_2021,VOCATIONAL_BACHELOR,25,水利大类,2504,水土保持与水环境类,250402,水环境工程,2504,MAJOR,中华人民共和国教育部
MOE_VOCATIONAL_2021,VOCATIONAL_BACHELOR,26,装备制造大类,,,26,装备制造大类,,CATEGORY,中华人民共和国教育部
MOE_VOCATIONAL_2021,VOCATIONAL_BACHELOR,26,装备制造大类,2601,机械设计制造类,2601,机械设计制造类,26,CLASS,中华人民共和国教育部
MOE_VOCATIONAL_2021,VOCATIONAL_BACHELOR,26,装备制造大类,2601,机械设计制造类,260101,机械设计制造及自动化,2601,MAJOR,中华人民共和国教育部
MOE_VOCATIONAL_2021,VOCATIONAL_BACHELOR,26,装备制造大类,2601,机械设计制造类,260102,智能制造工程技术,2601,MAJOR,中华人民共和国教育部
MOE_VOCATIONAL_2021,VOCATIONAL_BACHELOR,26,装备制造大类,2601,机械设计制造类,260103,数控技术,2601,MAJOR,中华人民共和国教育部
MOE_VOCATIONAL_2021,VOCATIONAL_BACHELOR,26,装备制造大类,2601,机械设计制造类,260104,工业设计,2601,MAJOR,中华人民共和国教育部
MOE_VOCATIONAL_2021,VOCATIONAL_BACHELOR,26,装备制造大类,2601,机械设计制造类,260105,工业工程技术,2601,MAJOR,中华人民共和国教育部
MOE_VOCATIONAL_2021,VOCATIONAL_BACHELOR,26,装备制造大类,2601,机械设计制造类,260106,材料成型及控制工程,2601,MAJOR,中华人民共和国教育部
MOE_VOCATIONAL_2021,VOCATIONAL_BACHELOR,26,装备制造大类,2602,机电设备类,2602,机电设备类,26,CLASS,中华人民共和国教育部
MOE_VOCATIONAL_2021,VOCATIONAL_BACHELOR,26,装备制造大类,2602,机电设备类,260201,装备智能化技术,2602,MAJOR,中华人民共和国教育部
MOE_VOCATIONAL_2021,VOCATIONAL_BACHELOR,26,装备制造大类,2602,机电设备类,260202,制冷与空调工程,2602,MAJOR,中华人民共和国教育部
MOE_VOCATIONAL_2021,VOCATIONAL_BACHELOR,26,装备制造大类,2602,机电设备类,260203,电梯工程技术,2602,MAJOR,中华人民共和国教育部
MOE_VOCATIONAL_2021,VOCATIONAL_BACHELOR,26,装备制造大类,2603,自动化类,2603,自动化类,26,CLASS,中华人民共和国教育部
MOE_VOCATIONAL_2021,VOCATIONAL_BACHELOR,26,装备制造大类,2603,自动化类,260301,机械电子工程技术,2603,MAJOR,中华人民共和国教育部
MOE_VOCATIONAL_2021,VOCATIONAL_BACHELOR,26,装备制造大类,2603,自动化类,260302,电气工程及自动化,2603,MAJOR,中华人民共和国教育部
MOE_VOCATIONAL_2021,VOCATIONAL_BACHELOR,26,装备制造大类,2603,自动化类,260303,智能控制技术,2603,MAJOR,中华人民共和国教育部
MOE_VOCATIONAL_2021,VOCATIONAL_BACHELOR,26,装备制造大类,2603,自动化类,260304,机器人技术,2603,MAJOR,中华人民共和国教育部
MOE_VOCATIONAL_2021,VOCATIONAL_BACHELOR,26,装备制造大类,2603,自动化类,260305,自动化技术与应用,2603,MAJOR,中华人民共和国教育部
MOE_VOCATIONAL_2021,VOCATIONAL_BACHELOR,26,装备制造大类,2603,自动化类,260306,现代测控工程技术,2603,MAJOR,中华人民共和国教育部
MOE_VOCATIONAL_2021,VOCATIONAL_BACHELOR,26,装备制造大类,2603,自动化类,260307,工业互联网工程,2603,MAJOR,中华人民共和国教育部
MOE_VOCATIONAL_2021,VOCATIONAL_BACHELOR,26,装备制造大类,2604,轨道装备类,2604,轨道装备类,26,CLASS,中华人民共和国教育部
MOE_VOCATIONAL_2021,VOCATIONAL_BACHELOR,26,装备制造大类,2604,轨道装备类,260401,轨道交通车辆工程技术,2604,MAJOR,中华人民共和国教育部
MOE_VOCATIONAL_2021,VOCATIONAL_BACHELOR,26,装备制造大类,2604,轨道装备类,260402,轨道交通智能控制装备技术,2604,MAJOR,中华人民共和国教育部
MOE_VOCATIONAL_2021,VOCATIONAL_BACHELOR,26,装备制造大类,2605,船舶与海洋工程装备类,2605,船舶与海洋工程装备类,26,CLASS,中华人民共和国教育部
MOE_VOCATIONAL_2021,VOCATIONAL_BACHELOR,26,装备制造大类,2605,船舶与海洋工程装备类,260501,船舶智能制造技术,2605,MAJOR,中华人民共和国教育部
MOE_VOCATIONAL_2021,VOCATIONAL_BACHELOR,26,装备制造大类,2605,船舶与海洋工程装备类,260502,船舶动力工程技术,2605,MAJOR,中华人民共和国教育部
MOE_VOCATIONAL_2021,VOCATIONAL_BACHELOR,26,装备制造大类,2605,船舶与海洋工程装备类,260503,船舶电气工程技术,2605,MAJOR,中华人民共和国教育部
MOE_VOCATIONAL_2021,VOCATIONAL_BACHELOR,26,装备制造大类,2606,航空装备类,2606,航空装备类,26,CLASS,中华人民共和国教育部
MOE_VOCATIONAL_2021,VOCATIONAL_BACHELOR,26,装备制造大类,2606,航空装备类,260601,航空智能制造技术,2606,MAJOR,中华人民共和国教育部
MOE_VOCATIONAL_2021,VOCATIONAL_BACHELOR,26,装备制造大类,2606,航空装备类,260602,飞行器维修工程技术,2606,MAJOR,中华人民共和国教育部
MOE_VOCATIONAL_2021,VOCATIONAL_BACHELOR,26,装备制造大类,2606,航空装备类,260603,航空动力装置维修技术,2606,MAJOR,中华人民共和国教育部
MOE_VOCATIONAL_2021,VOCATIONAL_BACHELOR,26,装备制造大类,2606,航空装备类,260604,无人机系统应用技术,2606,MAJOR,中华人民共和国教育部
MOE_VOCATIONAL_2021,VOCATIONAL_BACHELOR,26,装备制造大类,2607,汽车制造类,2607,汽车制造类,26,CLASS,中华人民共和国教育部
MOE_VOCATIONAL_2021,VOCATIONAL_BACHELOR,26,装备制造大类,2607,汽车制造类,260701,汽车工程技术,2607,MAJOR,中华人民共和国教育部
MOE_VOCATIONAL_2021,VOCATIONAL_BACHELOR,26,装备制造大类,2607,汽车制造类,260702,新能源汽车工程技术,2607,MAJOR,中华人民共和国教育部
MOE_VOCATIONAL_2021,VOCATIONAL_BACHELOR,26,装备制造大类,2607,汽车制造类,260703,智能网联汽车工程技术,2607,MAJOR,中华人民共和国教育部
MOE_VOCATIONAL_2021,VOCATIONAL_BACHELOR,27,生物与化工大类,,,27,生物与化工大类,,CATEGORY,中华人民共和国教育部
MOE_VOCATIONAL_2021,VOCATIONAL_BACHELOR,27,生物与化工大类,2701,生物技术类,2701,生物技术类,27,CLASS,中华人民共和国教育部
MOE_VOCATIONAL_2021,VOCATIONAL_BACHELOR,27,生物与化工大类,2701,生物技术类,270101,生物检验检测技术,2701,MAJOR,中华人民共和国教育部
MOE_VOCATIONAL_2021,VOCATIONAL_BACHELOR,27,生物与化工大类,2701,生物技术类,270102,合成生物技术,2701,MAJOR,中华人民共和国教育部
MOE_VOCATIONAL_2021,VOCATIONAL_BACHELOR,27,生物与化工大类,2701,生物技术类,270103,农业生物技术,2701,MAJOR,中华人民共和国教育部
MOE_VOCATIONAL_2021,VOCATIONAL_BACHELOR,27,生物与化工大类,2702,化工技术类,2702,化工技术类,27,CLASS,中华人民共和国教育部
MOE_VOCATIONAL_2021,VOCATIONAL_BACHELOR,27,生物与化工大类,2702,化工技术类,270201,应用化工技术,2702,MAJOR,中华人民共和国教育部
MOE_VOCATIONAL_2021,VOCATIONAL_BACHELOR,27,生物与化工大类,2702,化工技术类,270202,化工智能制造工程技术,2702,MAJOR,中华人民共和国教育部
MOE_VOCATIONAL_2021,VOCATIONAL_BACHELOR,27,生物与化工大类,2702,化工技术类,270203,现代精细化工技术,2702,MAJOR,中华人民共和国教育部
MOE_VOCATIONAL_2021,VOCATIONAL_BACHELOR,27,生物与化工大类,2702,化工技术类,270204,现代分析测试技术,2702,MAJOR,中华人民共和国教育部
MOE_VOCATIONAL_2021,VOCATIONAL_BACHELOR,28,轻工纺织大类,,,28,轻工纺织大类,,CATEGORY,中华人民共和国教育部
MOE_VOCATIONAL_2021,VOCATIONAL_BACHELOR,28,轻工纺织大类,2801,轻化工类,2801,轻化工类,28,CLASS,中华人民共和国教育部
MOE_VOCATIONAL_2021,VOCATIONAL_BACHELOR,28,轻工纺织大类,2801,轻化工类,280101,化妆品工程技术,2801,MAJOR,中华人民共和国教育部
MOE_VOCATIONAL_2021,VOCATIONAL_BACHELOR,28,轻工纺织大类,2801,轻化工类,280102,现代造纸工程技术,2801,MAJOR,中华人民共和国教育部
MOE_VOCATIONAL_2021,VOCATIONAL_BACHELOR,28,轻工纺织大类,2802,包装类,2802,包装类,28,CLASS,中华人民共和国教育部
MOE_VOCATIONAL_2021,VOCATIONAL_BACHELOR,28,轻工纺织大类,2802,包装类,280201,包装工程技术,2802,MAJOR,中华人民共和国教育部
MOE_VOCATIONAL_2021,VOCATIONAL_BACHELOR,28,轻工纺织大类,2803,印刷类,2803,印刷类,28,CLASS,中华人民共和国教育部
MOE_VOCATIONAL_2021,VOCATIONAL_BACHELOR,28,轻工纺织大类,2803,印刷类,280301,数字印刷工程,2803,MAJOR,中华人民共和国教育部
MOE_VOCATIONAL_2021,VOCATIONAL_BACHELOR,28,轻工纺织大类,2804,纺织服装类,2804,纺织服装类,28,CLASS,中华人民共和国教育部
MOE_VOCATIONAL_2021,VOCATIONAL_BACHELOR,28,轻工纺织大类,2804,纺织服装类,280401,现代纺织工程技术,2804,MAJOR,中华人民共和国教育部
MOE_VOCATIONAL_2021,VOCATIONAL_BACHELOR,28,轻工纺织大类,2804,纺织服装类,280402,服装工程技术,2804,MAJOR,中华人民共和国教育部
MOE_VOCATIONAL_2021,VOCATIONAL_BACHELOR,29,食品药品与粮食大类,,,29,食品药品与粮食大类,,CATEGORY,中华人民共和国教育部
MOE_VOCATIONAL_2021,VOCATIONAL_BACHELOR,29,食品药品与粮食大类,2901,食品类,2901,食品类,29,CLASS,中华人民共和国教育部
MOE_VOCATIONAL_2021,VOCATIONAL_BACHELOR,29,食品药品与粮食大类,2901,食品类,290101,食品工程技术,2901,MAJOR,中华人民共和国教育部
MOE_VOCATIONAL_2021,VOCATIONAL_BACHELOR,29,食品药品与粮食大类,2901,食品类,290102,食品质量与安全,2901,MAJOR,中华人民共和国教育部
MOE_VOCATIONAL_2021,VOCATIONAL_BACHELOR,29,食品药品与粮食大类,2901,食品类,290103,食品营养与健康,2901,MAJOR,中华人民共和国教育部
MOE_VOCATIONAL_2021,VOCATIONAL_BACHELOR,29,食品药品与粮食大类,2902,药品与医疗器械类,2902,药品与医疗器械类,29,CLASS,中华人民共和国教育部
MOE_VOCATIONAL_2021,VOCATIONAL_BACHELOR,29,食品药品与粮食大类,2902,药品与医疗器械类,290201,制药工程技术,2902,MAJOR,中华人民共和国教育部
MOE_VOCATIONAL_2021,VOCATIONAL_BACHELOR,29,食品药品与粮食大类,2902,药品与医疗器械类,290202,药品质量管理,2902,MAJOR,中华人民共和国教育部
MOE_VOCATIONAL_2021,VOCATIONAL_BACHELOR,29,食品药品与粮食大类,2902,药品与医疗器械类,290203,医疗器械工程技术,2902,MAJOR,中华人民共和国教育部
MOE_VOCATIONAL_2021,VOCATIONAL_BACHELOR,29,食品药品与粮食大类,2902,药品与医疗器械类,290204,药事服务与管理,2902,MAJOR,中华人民共和国教育部
MOE_VOCATIONAL_2021,VOCATIONAL_BACHELOR,29,食品药品与粮食大类,2903,粮食类,2903,粮食类,29,CLASS,中华人民共和国教育部
MOE_VOCATIONAL_2021,VOCATIONAL_BACHELOR,29,食品药品与粮食大类,2903,粮食类,290301,现代粮食工程技术,2903,MAJOR,中华人民共和国教育部
MOE_VOCATIONAL_2021,VOCATIONAL_BACHELOR,30,交通运输大类,,,30,交通运输大类,,CATEGORY,中华人民共和国教育部
MOE_VOCATIONAL_2021,VOCATIONAL_BACHELOR,30,交通运输大类,3001,铁道运输类,3001,铁道运输类,30,CLASS,中华人民共和国教育部
MOE_VOCATIONAL_2021,VOCATIONAL_BACHELOR,30,交通运输大类,3001,铁道运输类,300101,高速铁路工程,3001,MAJOR,中华人民共和国教育部
MOE_VOCATIONAL_2021,VOCATIONAL_BACHELOR,30,交通运输大类,3001,铁道运输类,300102,高速铁路动车组技术,3001,MAJOR,中华人民共和国教育部
MOE_VOCATIONAL_2021,VOCATIONAL_BACHELOR,30,交通运输大类,3001,铁道运输类,300103,高速铁路信号控制技术,3001,MAJOR,中华人民共和国教育部
MOE_VOCATIONAL_2021,VOCATIONAL_BACHELOR,30,交通运输大类,3001,铁道运输类,300104,铁道机车智能运用技术,3001,MAJOR,中华人民共和国教育部
MOE_VOCATIONAL_2021,VOCATIONAL_BACHELOR,30,交通运输大类,3001,铁道运输类,300105,高速铁路运营管理,3001,MAJOR,中华人民共和国教育部
MOE_VOCATIONAL_2021,VOCATIONAL_BACHELOR,30,交通运输大类,3002,道路运输类,3002,道路运输类,30,CLASS,中华人民共和国教育部
MOE_VOCATIONAL_2021,VOCATIONAL_BACHELOR,30,交通运输大类,3002,道路运输类,300201,道路与桥梁工程,3002,MAJOR,中华人民共和国教育部
MOE_VOCATIONAL_2021,VOCATIONAL_BACHELOR,30,交通运输大类,3002,道路运输类,300202,智能交通管理,3002,MAJOR,中华人民共和国教育部
MOE_VOCATIONAL_2021,VOCATIONAL_BACHELOR,30,交通运输大类,3002,道路运输类,300203,汽车服务工程技术,3002,MAJOR,中华人民共和国教育部
MOE_VOCATIONAL_2021,VOCATIONAL_BACHELOR,30,交通运输大类,3003,水上运输类,3003,水上运输类,30,CLASS,中华人民共和国教育部
MOE_VOCATIONAL_2021,VOCATIONAL_BACHELOR,30,交通运输大类,3003,水上运输类,300301,航海技术,3003,MAJOR,中华人民共和国教育部
MOE_VOCATIONAL_2021,VOCATIONAL_BACHELOR,30,交通运输大类,3003,水上运输类,300302,港口智能工程技术,3003,MAJOR,中华人民共和国教育部
MOE_VOCATIONAL_2021,VOCATIONAL_BACHELOR,30,交通运输大类,3003,水上运输类,300303,轮机工程技术,3003,MAJOR,中华人民共和国教育部
MOE_VOCATIONAL_2021,VOCATIONAL_BACHELOR,30,交通运输大类,3003,水上运输类,300304,国际邮轮运营管理,3003,MAJOR,中华人民共和国教育部
MOE_VOCATIONAL_2021,VOCATIONAL_BACHELOR,30,交通运输大类,3003,水上运输类,300305,水路运输与海事管理,3003,MAJOR,中华人民共和国教育部
MOE_VOCATIONAL_2021,VOCATIONAL_BACHELOR,30,交通运输大类,3004,航空运输类,3004,航空运输类,30,CLASS,中华人民共和国教育部
MOE_VOCATIONAL_2021,VOCATIONAL_BACHELOR,30,交通运输大类,3004,航空运输类,300401,民航运输服务与管理,3004,MAJOR,中华人民共和国教育部
MOE_VOCATIONAL_2021,VOCATIONAL_BACHELOR,30,交通运输大类,3004,航空运输类,300402,航空机电设备维修技术,3004,MAJOR,中华人民共和国教育部
MOE_VOCATIONAL_2021,VOCATIONAL_BACHELOR,30,交通运输大类,3004,航空运输类,300403,智慧机场运行与管理,3004,MAJOR,中华人民共和国教育部
MOE_VOCATIONAL_2021,VOCATIONAL_BACHELOR,30,交通运输大类,3004,航空运输类,300404,通用航空航务技术,3004,MAJOR,中华人民共和国教育部
MOE_VOCATIONAL_2021,VOCATIONAL_BACHELOR,30,交通运输大类,3006,城市轨道交通类,3006,城市轨道交通类,30,CLASS,中华人民共和国教育部
MOE_VOCATIONAL_2021,VOCATIONAL_BACHELOR,30,交通运输大类,3006,城市轨道交通类,300601,城市轨道交通信号与控制技术,3006,MAJOR,中华人民共和国教育部
MOE_VOCATIONAL_2021,VOCATIONAL_BACHELOR,30,交通运输大类,3006,城市轨道交通类,300602,城市轨道交通设备与控制技术,3006,MAJOR,中华人民共和国教育部
MOE_VOCATIONAL_2021,VOCATIONAL_BACHELOR,30,交通运输大类,3006,城市轨道交通类,300603,城市轨道交通智能运营,3006,MAJOR,中华人民共和国教育部
MOE_VOCATIONAL_2021,VOCATIONAL_BACHELOR,30,交通运输大类,3007,邮政类,3007,邮政类,30,CLASS,中华人民共和国教育部
MOE_VOCATIONAL_2021,VOCATIONAL_BACHELOR,30,交通运输大类,3007,邮政类,300701,邮政快递管理,3007,MAJOR,中华人民共和国教育部
MOE_VOCATIONAL_2021,VOCATIONAL_BACHELOR,31,电子与信息大类,,,31,电子与信息大类,,CATEGORY,中华人民共和国教育部
MOE_VOCATIONAL_2021,VOCATIONAL_BACHELOR,31,电子与信息大类,3101,电子信息类,3101,电子信息类,31,CLASS,中华人民共和国教育部
MOE_VOCATIONAL_2021,VOCATIONAL_BACHELOR,31,电子与信息大类,3101,电子信息类,310101,电子信息工程技术,3101,MAJOR,中华人民共和国教育部
MOE_VOCATIONAL_2021,VOCATIONAL_BACHELOR,31,电子与信息大类,3101,电子信息类,310102,物联网工程技术,3101,MAJOR,中华人民共和国教育部
MOE_VOCATIONAL_2021,VOCATIONAL_BACHELOR,31,电子与信息大类,3101,电子信息类,310103,柔性电子技术,3101,MAJOR,中华人民共和国教育部
MOE_VOCATIONAL_2021,VOCATIONAL_BACHELOR,31,电子与信息大类,3101,电子信息类,310104,光电信息工程技术,3101,MAJOR,中华人民共和国教育部
MOE_VOCATIONAL_2021,VOCATIONAL_BACHELOR,31,电子与信息大类,3102,计算机类,3102,计算机类,31,CLASS,中华人民共和国教育部
MOE_VOCATIONAL_2021,VOCATIONAL_BACHELOR,31,电子与信息大类,3102,计算机类,310201,计算机应用工程,3102,MAJOR,中华人民共和国教育部
MOE_VOCATIONAL_2021,VOCATIONAL_BACHELOR,31,电子与信息大类,3102,计算机类,310202,网络工程技术,3102,MAJOR,中华人民共和国教育部
MOE_VOCATIONAL_2021,VOCATIONAL_BACHELOR,31,电子与信息大类,3102,计算机类,310203,软件工程技术,3102,MAJOR,中华人民共和国教育部
MOE_VOCATIONAL_2021,VOCATIONAL_BACHELOR,31,电子与信息大类,3102,计算机类,310204,数字媒体技术,3102,MAJOR,中华人民共和国教育部
MOE_VOCATIONAL_2021,VOCATIONAL_BACHELOR,31,电子与信息大类,3102,计算机类,310205,大数据工程技术,3102,MAJOR,中华人民共和国教育部
MOE_VOCATIONAL_2021,VOCATIONAL_BACHELOR,31,电子与信息大类,3102,计算机类,310206,云计算技术,3102,MAJOR,中华人民共和国教育部
MOE_VOCATIONAL_2021,VOCATIONAL_BACHELOR,31,电子与信息大类,3102,计算机类,310207,信息安全与管理,3102,MAJOR,中华人民共和国教育部
MOE_VOCATIONAL_2021,VOCATIONAL_BACHELOR,31,电子与信息大类,3102,计算机类,310208,虚拟现实技术,3102,MAJOR,中华人民共和国教育部
MOE_VOCATIONAL_2021,VOCATIONAL_BACHELOR,31,电子与信息大类,3102,计算机类,310209,人工智能工程技术,3102,MAJOR,中华人民共和国教育部
MOE_VOCATIONAL_2021,VOCATIONAL_BACHELOR,31,电子与信息大类,3102,计算机类,310210,嵌入式技术,3102,MAJOR,中华人民共和国教育部
MOE_VOCATIONAL_2021,VOCATIONAL_BACHELOR,31,电子与信息大类,3102,计算机类,310211,工业互联网技术,3102,MAJOR,中华人民共和国教育部
MOE_VOCATIONAL_2021,VOCATIONAL_BACHELOR,31,电子与信息大类,3102,计算机类,310212,区块链技术,3102,MAJOR,中华人民共和国教育部
MOE_VOCATIONAL_2021,VOCATIONAL_BACHELOR,31,电子与信息大类,3103,通信类,3103,通信类,31,CLASS,中华人民共和国教育部
MOE_VOCATIONAL_2021,VOCATIONAL_BACHELOR,31,电子与信息大类,3103,通信类,310301,现代通信工程,3103,MAJOR,中华人民共和国教育部
MOE_VOCATIONAL_2021,VOCATIONAL_BACHELOR,31,电子与信息大类,3104,集成电路类,3104,集成电路类,31,CLASS,中华人民共和国教育部
MOE_VOCATIONAL_2021,VOCATIONAL_BACHELOR,31,电子与信息大类,3104,集成电路类,310401,集成电路工程技术,3104,MAJOR,中华人民共和国教育部
MOE_VOCATIONAL_2021,VOCATIONAL_BACHELOR,32,医药卫生大类,,,32,医药卫生大类,,CATEGORY,中华人民共和国教育部
MOE_VOCATIONAL_2021,VOCATIONAL_BACHELOR,32,医药卫生大类,3202,护理类,3202,护理类,32,CLASS,中华人民共和国教育部
MOE_VOCATIONAL_2021,VOCATIONAL_BACHELOR,32,医药卫生大类,3202,护理类,320201,护理,3202,MAJOR,中华人民共和国教育部
MOE_VOCATIONAL_2021,VOCATIONAL_BACHELOR,32,医药卫生大类,3203,药学类,3203,药学类,32,CLASS,中华人民共和国教育部
MOE_VOCATIONAL_2021,VOCATIONAL_BACHELOR,32,医药卫生大类,3203,药学类,320301,药学,3203,MAJOR,中华人民共和国教育部
MOE_VOCATIONAL_2021,VOCATIONAL_BACHELOR,32,医药卫生大类,3204,中医药类,3204,中医药类,32,CLASS,中华人民共和国教育部
MOE_VOCATIONAL_2021,VOCATIONAL_BACHELOR,32,医药卫生大类,3204,中医药类,320401,中药制药,3204,MAJOR,中华人民共和国教育部
MOE_VOCATIONAL_2021,VOCATIONAL_BACHELOR,32,医药卫生大类,3205,医学技术类,3205,医学技术类,32,CLASS,中华人民共和国教育部
MOE_VOCATIONAL_2021,VOCATIONAL_BACHELOR,32,医药卫生大类,3205,医学技术类,320501,医学检验技术,3205,MAJOR,中华人民共和国教育部
MOE_VOCATIONAL_2021,VOCATIONAL_BACHELOR,32,医药卫生大类,3205,医学技术类,320502,医学影像技术,3205,MAJOR,中华人民共和国教育部
MOE_VOCATIONAL_2021,VOCATIONAL_BACHELOR,32,医药卫生大类,3205,医学技术类,320503,医学生物技术,3205,MAJOR,中华人民共和国教育部
MOE_VOCATIONAL_2021,VOCATIONAL_BACHELOR,32,医药卫生大类,3205,医学技术类,320504,口腔医学技术,3205,MAJOR,中华人民共和国教育部
MOE_VOCATIONAL_2021,VOCATIONAL_BACHELOR,32,医药卫生大类,3205,医学技术类,320505,放射治疗技术,3205,MAJOR,中华人民共和国教育部
MOE_VOCATIONAL_2021,VOCATIONAL_BACHELOR,32,医药卫生大类,3205,医学技术类,320506,呼吸治疗技术,3205,MAJOR,中华人民共和国教育部
MOE_VOCATIONAL_2021,VOCATIONAL_BACHELOR,32,医药卫生大类,3206,康复治疗类,3206,康复治疗类,32,CLASS,中华人民共和国教育部
MOE_VOCATIONAL_2021,VOCATIONAL_BACHELOR,32,医药卫生大类,3206,康复治疗类,320601,康复治疗,3206,MAJOR,中华人民共和国教育部
MOE_VOCATIONAL_2021,VOCATIONAL_BACHELOR,32,医药卫生大类,3206,康复治疗类,320602,康复辅助器具技术,3206,MAJOR,中华人民共和国教育部
MOE_VOCATIONAL_2021,VOCATIONAL_BACHELOR,32,医药卫生大类,3206,康复治疗类,320603,言语听觉治疗技术,3206,MAJOR,中华人民共和国教育部
MOE_VOCATIONAL_2021,VOCATIONAL_BACHELOR,32,医药卫生大类,3206,康复治疗类,320604,儿童康复治疗,3206,MAJOR,中华人民共和国教育部
MOE_VOCATIONAL_2021,VOCATIONAL_BACHELOR,32,医药卫生大类,3207,公共卫生与卫生管理类,3207,公共卫生与卫生管理类,32,CLASS,中华人民共和国教育部
MOE_VOCATIONAL_2021,VOCATIONAL_BACHELOR,32,医药卫生大类,3207,公共卫生与卫生管理类,320701,公共卫生管理,3207,MAJOR,中华人民共和国教育部
MOE_VOCATIONAL_2021,VOCATIONAL_BACHELOR,32,医药卫生大类,3207,公共卫生与卫生管理类,320702,职业卫生工程技术,3207,MAJOR,中华人民共和国教育部
MOE_VOCATIONAL_2021,VOCATIONAL_BACHELOR,32,医药卫生大类,3207,公共卫生与卫生管理类,320703,职业病危害检测评价技术,3207,MAJOR,中华人民共和国教育部
MOE_VOCATIONAL_2021,VOCATIONAL_BACHELOR,32,医药卫生大类,3208,健康管理与促进类,3208,健康管理与促进类,32,CLASS,中华人民共和国教育部
MOE_VOCATIONAL_2021,VOCATIONAL_BACHELOR,32,医药卫生大类,3208,健康管理与促进类,320801,健康管理,3208,MAJOR,中华人民共和国教育部
MOE_VOCATIONAL_2021,VOCATIONAL_BACHELOR,32,医药卫生大类,3208,健康管理与促进类,320802,婴幼儿发展与健康管理,3208,MAJOR,中华人民共和国教育部
MOE_VOCATIONAL_2021,VOCATIONAL_BACHELOR,32,医药卫生大类,3208,健康管理与促进类,320803,医养照护与管理,3208,MAJOR,中华人民共和国教育部
MOE_VOCATIONAL_2021,VOCATIONAL_BACHELOR,32,医药卫生大类,3209,眼视光类,3209,眼视光类,32,CLASS,中华人民共和国教育部
MOE_VOCATIONAL_2021,VOCATIONAL_BACHELOR,32,医药卫生大类,3209,眼视光类,320901,眼视光技术,3209,MAJOR,中华人民共和国教育部
MOE_VOCATIONAL_2021,VOCATIONAL_BACHELOR,33,财经商贸大类,,,33,财经商贸大类,,CATEGORY,中华人民共和国教育部
MOE_VOCATIONAL_2021,VOCATIONAL_BACHELOR,33,财经商贸大类,3301,财政税务类,3301,财政税务类,33,CLASS,中华人民共和国教育部
MOE_VOCATIONAL_2021,VOCATIONAL_BACHELOR,33,财经商贸大类,3301,财政税务类,330101,财税大数据应用,3301,MAJOR,中华人民共和国教育部
MOE_VOCATIONAL_2021,VOCATIONAL_BACHELOR,33,财经商贸大类,3302,金融类,3302,金融类,33,CLASS,中华人民共和国教育部
MOE_VOCATIONAL_2021,VOCATIONAL_BACHELOR,33,财经商贸大类,3302,金融类,330201,金融管理,3302,MAJOR,中华人民共和国教育部
MOE_VOCATIONAL_2021,VOCATIONAL_BACHELOR,33,财经商贸大类,3302,金融类,330202,金融科技应用,3302,MAJOR,中华人民共和国教育部
MOE_VOCATIONAL_2021,VOCATIONAL_BACHELOR,33,财经商贸大类,3302,金融类,330203,保险,3302,MAJOR,中华人民共和国教育部
MOE_VOCATIONAL_2021,VOCATIONAL_BACHELOR,33,财经商贸大类,3302,金融类,330204,信用管理,3302,MAJOR,中华人民共和国教育部
MOE_VOCATIONAL_2021,VOCATIONAL_BACHELOR,33,财经商贸大类,3303,财务会计类,3303,财务会计类,33,CLASS,中华人民共和国教育部
MOE_VOCATIONAL_2021,VOCATIONAL_BACHELOR,33,财经商贸大类,3303,财务会计类,330301,大数据与财务管理,3303,MAJOR,中华人民共和国教育部
MOE_VOCATIONAL_2021,VOCATIONAL_BACHELOR,33,财经商贸大类,3303,财务会计类,330302,大数据与会计,3303,MAJOR,中华人民共和国教育部
MOE_VOCATIONAL_2021,VOCATIONAL_BACHELOR,33,财经商贸大类,3303,财务会计类,330303,大数据与审计,3303,MAJOR,中华人民共和国教育部
MOE_VOCATIONAL_2021,VOCATIONAL_BACHELOR,33,财经商贸大类,3305,经济贸易类,3305,经济贸易类,33,CLASS,中华人民共和国教育部
MOE_VOCATIONAL_2021,VOCATIONAL_BACHELOR,33,财经商贸大类,3305,经济贸易类,330501,国际经济与贸易,3305,MAJOR,中华人民共和国教育部
MOE_VOCATIONAL_2021,VOCATIONAL_BACHELOR,33,财经商贸大类,3306,工商管理类,3306,工商管理类,33,CLASS,中华人民共和国教育部
MOE_VOCATIONAL_2021,VOCATIONAL_BACHELOR,33,财经商贸大类,3306,工商管理类,330601,企业数字化管理,3306,MAJOR,中华人民共和国教育部
MOE_VOCATIONAL_2021,VOCATIONAL_BACHELOR,33,财经商贸大类,3306,工商管理类,330602,市场营销,3306,MAJOR,中华人民共和国教育部
MOE_VOCATIONAL_2021,VOCATIONAL_BACHELOR,33,财经商贸大类,3307,电子商务类,3307,电子商务类,33,CLASS,中华人民共和国教育部
MOE_VOCATIONAL_2021,VOCATIONAL_BACHELOR,33,财经商贸大类,3307,电子商务类,330701,电子商务,3307,MAJOR,中华人民共和国教育部
MOE_VOCATIONAL_2021,VOCATIONAL_BACHELOR,33,财经商贸大类,3307,电子商务类,330702,跨境电子商务,3307,MAJOR,中华人民共和国教育部
MOE_VOCATIONAL_2021,VOCATIONAL_BACHELOR,33,财经商贸大类,3307,电子商务类,330703,全媒体电商运营,3307,MAJOR,中华人民共和国教育部
MOE_VOCATIONAL_2021,VOCATIONAL_BACHELOR,33,财经商贸大类,3308,物流类,3308,物流类,33,CLASS,中华人民共和国教育部
MOE_VOCATIONAL_2021,VOCATIONAL_BACHELOR,33,财经商贸大类,3308,物流类,330801,物流工程技术,3308,MAJOR,中华人民共和国教育部
MOE_VOCATIONAL_2021,VOCATIONAL_BACHELOR,33,财经商贸大类,3308,物流类,330802,现代物流管理,3308,MAJOR,中华人民共和国教育部
MOE_VOCATIONAL_2021,VOCATIONAL_BACHELOR,34,旅游大类,,,34,旅游大类,,CATEGORY,中华人民共和国教育部
MOE_VOCATIONAL_2021,VOCATIONAL_BACHELOR,34,旅游大类,3401,旅游类,3401,旅游类,34,CLASS,中华人民共和国教育部
MOE_VOCATIONAL_2021,VOCATIONAL_BACHELOR,34,旅游大类,3401,旅游类,340101,旅游管理,3401,MAJOR,中华人民共和国教育部
MOE_VOCATIONAL_2021,VOCATIONAL_BACHELOR,34,旅游大类,3401,旅游类,340102,酒店管理,3401,MAJOR,中华人民共和国教育部
MOE_VOCATIONAL_2021,VOCATIONAL_BACHELOR,34,旅游大类,3401,旅游类,340103,旅游规划与设计,3401,MAJOR,中华人民共和国教育部
MOE_VOCATIONAL_2021,VOCATIONAL_BACHELOR,34,旅游大类,3402,餐饮类,3402,餐饮类,34,CLASS,中华人民共和国教育部
MOE_VOCATIONAL_2021,VOCATIONAL_BACHELOR,34,旅游大类,3402,餐饮类,340201,烹饪与餐饮管理,3402,MAJOR,中华人民共和国教育部
MOE_VOCATIONAL_2021,VOCATIONAL_BACHELOR,35,文化艺术大类,,,35,文化艺术大类,,CATEGORY,中华人民共和国教育部
MOE_VOCATIONAL_2021,VOCATIONAL_BACHELOR,35,文化艺术大类,3501,艺术设计类,3501,艺术设计类,35,CLASS,中华人民共和国教育部
MOE_VOCATIONAL_2021,VOCATIONAL_BACHELOR,35,文化艺术大类,3501,艺术设计类,350101,工艺美术,3501,MAJOR,中华人民共和国教育部
MOE_VOCATIONAL_2021,VOCATIONAL_BACHELOR,35,文化艺术大类,3501,艺术设计类,350102,视觉传达设计,3501,MAJOR,中华人民共和国教育部
MOE_VOCATIONAL_2021,VOCATIONAL_BACHELOR,35,文化艺术大类,3501,艺术设计类,350103,数字媒体艺术,3501,MAJOR,中华人民共和国教育部
MOE_VOCATIONAL_2021,VOCATIONAL_BACHELOR,35,文化艺术大类,3501,艺术设计类,350104,产品设计,3501,MAJOR,中华人民共和国教育部
MOE_VOCATIONAL_2021,VOCATIONAL_BACHELOR,35,文化艺术大类,3501,艺术设计类,350105,服装与服饰设计,3501,MAJOR,中华人民共和国教育部
MOE_VOCATIONAL_2021,VOCATIONAL_BACHELOR,35,文化艺术大类,3501,艺术设计类,350106,环境艺术设计,3501,MAJOR,中华人民共和国教育部
MOE_VOCATIONAL_2021,VOCATIONAL_BACHELOR,35,文化艺术大类,3501,艺术设计类,350107,美术,3501,MAJOR,中华人民共和国教育部
MOE_VOCATIONAL_2021,VOCATIONAL_BACHELOR,35,文化艺术大类,3501,艺术设计类,350108,公共艺术设计,3501,MAJOR,中华人民共和国教育部
MOE_VOCATIONAL_2021,VOCATIONAL_BACHELOR,35,文化艺术大类,3501,艺术设计类,350109,游戏创意设计,3501,MAJOR,中华人民共和国教育部
MOE_VOCATIONAL_2021,VOCATIONAL_BACHELOR,35,文化艺术大类,3501,艺术设计类,350110,展示艺术设计,3501,MAJOR,中华人民共和国教育部
MOE_VOCATIONAL_2021,VOCATIONAL_BACHELOR,35,文化艺术大类,3501,艺术设计类,350111,数字影像设计,3501,MAJOR,中华人民共和国教育部
MOE_VOCATIONAL_2021,VOCATIONAL_BACHELOR,35,文化艺术大类,3501,艺术设计类,350112,时尚品设计,3501,MAJOR,中华人民共和国教育部
MOE_VOCATIONAL_2021,VOCATIONAL_BACHELOR,35,文化艺术大类,3502,表演艺术类,3502,表演艺术类,35,CLASS,中华人民共和国教育部
MOE_VOCATIONAL_2021,VOCATIONAL_BACHELOR,35,文化艺术大类,3502,表演艺术类,350201,音乐表演,3502,MAJOR,中华人民共和国教育部
MOE_VOCATIONAL_2021,VOCATIONAL_BACHELOR,35,文化艺术大类,3502,表演艺术类,350202,舞蹈表演与编导,3502,MAJOR,中华人民共和国教育部
MOE_VOCATIONAL_2021,VOCATIONAL_BACHELOR,35,文化艺术大类,3502,表演艺术类,350203,戏曲表演,3502,MAJOR,中华人民共和国教育部
MOE_VOCATIONAL_2021,VOCATIONAL_BACHELOR,35,文化艺术大类,3502,表演艺术类,350204,舞台艺术设计,3502,MAJOR,中华人民共和国教育部
MOE_VOCATIONAL_2021,VOCATIONAL_BACHELOR,35,文化艺术大类,3504,文化服务类,3504,文化服务类,35,CLASS,中华人民共和国教育部
MOE_VOCATIONAL_2021,VOCATIONAL_BACHELOR,35,文化艺术大类,3504,文化服务类,350401,文物修复与保护,3504,MAJOR,中华人民共和国教育部
MOE_VOCATIONAL_2021,VOCATIONAL_BACHELOR,36,新闻传播大类,,,36,新闻传播大类,,CATEGORY,中华人民共和国教育部
MOE_VOCATIONAL_2021,VOCATIONAL_BACHELOR,36,新闻传播大类,3601,新闻出版类,3601,新闻出版类,36,CLASS,中华人民共和国教育部
MOE_VOCATIONAL_2021,VOCATIONAL_BACHELOR,36,新闻传播大类,3601,新闻出版类,360101,网络与新媒体,3601,MAJOR,中华人民共和国教育部
MOE_VOCATIONAL_2021,VOCATIONAL_BACHELOR,36,新闻传播大类,3602,广播影视类,3602,广播影视类,36,CLASS,中华人民共和国教育部
MOE_VOCATIONAL_2021,VOCATIONAL_BACHELOR,36,新闻传播大类,3602,广播影视类,360201,播音与主持,3602,MAJOR,中华人民共和国教育部
MOE_VOCATIONAL_2021,VOCATIONAL_BACHELOR,36,新闻传播大类,3602,广播影视类,360202,影视摄影与制作,3602,MAJOR,中华人民共和国教育部
MOE_VOCATIONAL_2021,VOCATIONAL_BACHELOR,36,新闻传播大类,3602,广播影视类,360203,数字广播电视技术,3602,MAJOR,中华人民共和国教育部
MOE_VOCATIONAL_2021,VOCATIONAL_BACHELOR,36,新闻传播大类,3602,广播影视类,360204,影视编导,3602,MAJOR,中华人民共和国教育部
MOE_VOCATIONAL_2021,VOCATIONAL_BACHELOR,36,新闻传播大类,3602,广播影视类,360205,全媒体新闻采编与制作,3602,MAJOR,中华人民共和国教育部
MOE_VOCATIONAL_2021,VOCATIONAL_BACHELOR,36,新闻传播大类,3602,广播影视类,360206,数字动画,3602,MAJOR,中华人民共和国教育部
MOE_VOCATIONAL_2021,VOCATIONAL_BACHELOR,37,教育与体育大类,,,37,教育与体育大类,,CATEGORY,中华人民共和国教育部
MOE_VOCATIONAL_2021,VOCATIONAL_BACHELOR,37,教育与体育大类,3701,教育类,3701,教育类,37,CLASS,中华人民共和国教育部
MOE_VOCATIONAL_2021,VOCATIONAL_BACHELOR,37,教育与体育大类,3701,教育类,370101,学前教育,3701,MAJOR,中华人民共和国教育部
MOE_VOCATIONAL_2021,VOCATIONAL_BACHELOR,37,教育与体育大类,3702,语言类,3702,语言类,37,CLASS,中华人民共和国教育部
MOE_VOCATIONAL_2021,VOCATIONAL_BACHELOR,37,教育与体育大类,3702,语言类,370201,应用英语,3702,MAJOR,中华人民共和国教育部
MOE_VOCATIONAL_2021,VOCATIONAL_BACHELOR,37,教育与体育大类,3702,语言类,370202,应用日语,3702,MAJOR,中华人民共和国教育部
MOE_VOCATIONAL_2021,VOCATIONAL_BACHELOR,37,教育与体育大类,3702,语言类,370203,应用韩语,3702,MAJOR,中华人民共和国教育部
MOE_VOCATIONAL_2021,VOCATIONAL_BACHELOR,37,教育与体育大类,3702,语言类,370204,应用俄语,3702,MAJOR,中华人民共和国教育部
MOE_VOCATIONAL_2021,VOCATIONAL_BACHELOR,37,教育与体育大类,3702,语言类,370205,应用泰语,3702,MAJOR,中华人民共和国教育部
MOE_VOCATIONAL_2021,VOCATIONAL_BACHELOR,37,教育与体育大类,3702,语言类,370206,应用外语,3702,MAJOR,中华人民共和国教育部
MOE_VOCATIONAL_2021,VOCATIONAL_BACHELOR,37,教育与体育大类,3702,语言类,370207,应用西班牙语,3702,MAJOR,中华人民共和国教育部
MOE_VOCATIONAL_2021,VOCATIONAL_BACHELOR,37,教育与体育大类,3702,语言类,370208,中文国际教育,3702,MAJOR,中华人民共和国教育部
MOE_VOCATIONAL_2021,VOCATIONAL_BACHELOR,37,教育与体育大类,3703,体育类,3703,体育类,37,CLASS,中华人民共和国教育部
MOE_VOCATIONAL_2021,VOCATIONAL_BACHELOR,37,教育与体育大类,3703,体育类,370301,社会体育指导与管理,3703,MAJOR,中华人民共和国教育部
MOE_VOCATIONAL_2021,VOCATIONAL_BACHELOR,37,教育与体育大类,3703,体育类,370302,休闲体育,3703,MAJOR,中华人民共和国教育部
MOE_VOCATIONAL_2021,VOCATIONAL_BACHELOR,37,教育与体育大类,3703,体育类,370303,体能训练,3703,MAJOR,中华人民共和国教育部
MOE_VOCATIONAL_2021,VOCATIONAL_BACHELOR,37,教育与体育大类,3703,体育类,370304,电子竞技技术与管理,3703,MAJOR,中华人民共和国教育部
MOE_VOCATIONAL_2021,VOCATIONAL_BACHELOR,38,公安与司法大类,,,38,公安与司法大类,,CATEGORY,中华人民共和国教育部
MOE_VOCATIONAL_2021,VOCATIONAL_BACHELOR,38,公安与司法大类,3802,公安技术类,3802,公安技术类,38,CLASS,中华人民共和国教育部
MOE_VOCATIONAL_2021,VOCATIONAL_BACHELOR,38,公安与司法大类,3802,公安技术类,380201,刑事科学技术,3802,MAJOR,中华人民共和国教育部
MOE_VOCATIONAL_2021,VOCATIONAL_BACHELOR,38,公安与司法大类,3802,公安技术类,380202,网络安全与执法,3802,MAJOR,中华人民共和国教育部
MOE_VOCATIONAL_2021,VOCATIONAL_BACHELOR,38,公安与司法大类,3803,侦查类,3803,侦查类,38,CLASS,中华人民共和国教育部
MOE_VOCATIONAL_2021,VOCATIONAL_BACHELOR,38,公安与司法大类,3803,侦查类,380301,刑事侦查,3803,MAJOR,中华人民共和国教育部
MOE_VOCATIONAL_2021,VOCATIONAL_BACHELOR,38,公安与司法大类,3804,法律实务类,3804,法律实务类,38,CLASS,中华人民共和国教育部
MOE_VOCATIONAL_2021,VOCATIONAL_BACHELOR,38,公安与司法大类,3804,法律实务类,380401,法律,3804,MAJOR,中华人民共和国教育部
MOE_VOCATIONAL_2021,VOCATIONAL_BACHELOR,38,公安与司法大类,3805,法律执行类,3805,法律执行类,38,CLASS,中华人民共和国教育部
MOE_VOCATIONAL_2021,VOCATIONAL_BACHELOR,38,公安与司法大类,3805,法律执行类,380501,刑事矫正与管理,3805,MAJOR,中华人民共和国教育部
MOE_VOCATIONAL_2021,VOCATIONAL_BACHELOR,38,公安与司法大类,3805,法律执行类,380502,司法警务管理,3805,MAJOR,中华人民共和国教育部
MOE_VOCATIONAL_2021,VOCATIONAL_BACHELOR,38,公安与司法大类,3805,法律执行类,380503,综合行政执法,3805,MAJOR,中华人民共和国教育部
MOE_VOCATIONAL_2021,VOCATIONAL_BACHELOR,38,公安与司法大类,3806,司法技术类,3806,司法技术类,38,CLASS,中华人民共和国教育部
MOE_VOCATIONAL_2021,VOCATIONAL_BACHELOR,38,公安与司法大类,3806,司法技术类,380601,智慧司法技术与应用,3806,MAJOR,中华人民共和国教育部
MOE_VOCATIONAL_2021,VOCATIONAL_BACHELOR,38,公安与司法大类,3807,安全防范类,3807,安全防范类,38,CLASS,中华人民共和国教育部
MOE_VOCATIONAL_2021,VOCATIONAL_BACHELOR,38,公安与司法大类,3807,安全防范类,380701,数字安防技术,3807,MAJOR,中华人民共和国教育部
MOE_VOCATIONAL_2021,VOCATIONAL_BACHELOR,38,公安与司法大类,3807,安全防范类,380702,国际安保服务与管理,3807,MAJOR,中华人民共和国教育部
MOE_VOCATIONAL_2021,VOCATIONAL_BACHELOR,39,公共管理与服务大类,,,39,公共管理与服务大类,,CATEGORY,中华人民共和国教育部
MOE_VOCATIONAL_2021,VOCATIONAL_BACHELOR,39,公共管理与服务大类,3901,公共事业类,3901,公共事业类,39,CLASS,中华人民共和国教育部
MOE_VOCATIONAL_2021,VOCATIONAL_BACHELOR,39,公共管理与服务大类,3901,公共事业类,390101,社会工作,3901,MAJOR,中华人民共和国教育部
MOE_VOCATIONAL_2021,VOCATIONAL_BACHELOR,39,公共管理与服务大类,3901,公共事业类,390102,党务工作,3901,MAJOR,中华人民共和国教育部
MOE_VOCATIONAL_2021,VOCATIONAL_BACHELOR,39,公共管理与服务大类,3901,公共事业类,390103,智慧社区管理,3901,MAJOR,中华人民共和国教育部
MOE_VOCATIONAL_2021,VOCATIONAL_BACHELOR,39,公共管理与服务大类,3902,公共管理类,3902,公共管理类,39,CLASS,中华人民共和国教育部
MOE_VOCATIONAL_2021,VOCATIONAL_BACHELOR,39,公共管理与服务大类,3902,公共管理类,390201,民政管理,3902,MAJOR,中华人民共和国教育部
MOE_VOCATIONAL_2021,VOCATIONAL_BACHELOR,39,公共管理与服务大类,3902,公共管理类,390202,人力资源管理,3902,MAJOR,中华人民共和国教育部
MOE_VOCATIONAL_2021,VOCATIONAL_BACHELOR,39,公共管理与服务大类,3902,公共管理类,390203,行政管理,3902,MAJOR,中华人民共和国教育部
MOE_VOCATIONAL_2021,VOCATIONAL_BACHELOR,39,公共管理与服务大类,3902,公共管理类,390204,外事实务,3902,MAJOR,中华人民共和国教育部
MOE_VOCATIONAL_2021,VOCATIONAL_BACHELOR,39,公共管理与服务大类,3903,公共服务类,3903,公共服务类,39,CLASS,中华人民共和国教育部
MOE_VOCATIONAL_2021,VOCATIONAL_BACHELOR,39,公共管理与服务大类,3903,公共服务类,390301,现代家政管理,3903,MAJOR,中华人民共和国教育部
MOE_VOCATIONAL_2021,VOCATIONAL_BACHELOR,39,公共管理与服务大类,3903,公共服务类,390302,智慧健康养老管理,3903,MAJOR,中华人民共和国教育部
